rownames(asv_export);10S;11S;12S;13S;14S;15S;16S;17S;18S;19S;1S;20S;21S;22S;23S;24S;25S;26S;27S;28S;29S;2S;30S;31S;32S;33S;34S;35S;36S;3S;4S;5S;6S;7S;8S;9S
Test;19229;36009;19951;54707;18873;32086;131137;30139;41753;38471;14688;35099;26525;40481;81217;48871;42014;33661;36774;32837;24342;12336;30913;26490;24379;21859;24659;29803;40728;14203;26838;17282;22122;16161;59191;78993
Staphylococcaceae__Staphylococcus__TAGGGAATCTTCCGCAATGGGCGAAAGCCTGACGGAGCAACGCCGCGTGAGTGATGAAGGTCTTCGGATCGTAAAACTCTGTTATTAGGGAAGAACAAGTGCGTAGGTAACTATGCGCACCTTGACGGTACCTAATCAGAAAGCCACGGCTAACTACGTGCCAGCAGCCGCGGTAATACGTAGGTGGCAAGCGTTATCCGGAATTATTGGGCGTAAAGCGCGCGTAGGCGGTTTTTTAAGTCTGATGTGAAAGCCCACGGCTCAACCGTGGAGGGTCATTGGAAACTGGAAAACTTGAGTGCAGAAGAGGAAAGTGGAATTCCATGTGTAGCGGTGAAATGCGCAGAGATATGGAGGAACACCAGTGGCGAAGGCGACTTTCTGGTCTGCAACTGACGCTGATGTGCGAAAGCGTGGGGATCAAACA;22976;19822;15889;33737;11388;16767;85600;7989;8619;21472;14140;17508;7723;5684;33663;4718;20924;28042;27701;17218;22104;12592;24278;10247;15585;8998;17800;16771;5928;15163;29987;19772;23682;17233;90834;59224
Lactobacillaceae__Latilactobacillus__TAGGGAATCTTCCACAATGGACGAAAGTCTGATGGAGCAACGCCGCGTGAGTGAAGAAGGTTTTCGGATCGTAAAACTCTGTTGTTGGAGAAGAATGTATCTGATAGTAACTGATCAGGTAGTGACGGTATCCAACCAGAAAGCCACGGCTAACTACGTGCCAGCAGCCGCGGTAATACGTAGGTGGCAAGCGTTGTCCGGATTTATTGGGCGTAAAGCGAGCGCAGGCGGTTTCTTAAGTCTGATGTGAAAGCCTTCGGCTCAACCGAAGAAGTGCATCGGAAACTGGGAAACTTGAGTGCAGAAGAGGACAGTGGAACTCCATGTGTAGCGGTGAAATGCGTAGATATATGGAAGAACACCAGTGGCGAAGGCGGCTGTCTGGTCTGTAACTGACGCTGAGGCTCGAAAGCATGGGTAGCAAACA;100;124;113;1844;620;1094;4992;1321;2310;1926;22;1952;3816;6631;7954;12162;13069;7187;9536;11822;7065;0;10185;8418;5591;10516;7801;14966;17291;14;41;34;0;143;637;380
NA__NA__TAGGGAATCTTCGGCAATGGGCGCAAGCCTGACCGAGCAACGCCGCGTGAGTGAAGAAGGTTTTCGGATCGTAAAACTCTGTTGTTAGAGAAGAACGACCTAGGTAGTAACTGATCTAGGAGTGACGGTATCTAACCAGAAAGCCACGGCTAACTACGTGCCAGCAGCCGCGGTAATACGTAGGTGGCAAGCGTTATCCGGATTTATTGGGCGTAAAGCGAGCGCAGGCGGTTTCTTAAGTCTGATGTGAAAGCCCCCGGCTCAACCGGGGAGGGTCATTGGAAACTGGGAGACTTGAGTGCAGAAGAGGAGAGTGGAATTCCATGTGTAGCGGTGAAATGCGTAGATATATGGAGGAACACCAGTGGCGAAGGCGACTCTCTGGTCTGTAACTGACGCTGAGGCTCGAAAGCGTGGGGAGCAAACA;0;16;40;76;46;259;125;26;0;0;68;169;70;34;87;26;89;82;39;46;79;17;118;0;0;34;23;32;91;0;0;43;27;132;0;89
Beutenbergiaceae__Salana__TGGGGAATATTGCACAATGGGCGAAAGCCTGATGCAGCGACGCCGCGTGAGGGATGACGGCCTTCGGGTTGTAAACCTCTTTCAGCAGGGAAGCAGCTTGCTCTTTTTGGGGTGGGTGACGGTACTTGCAGAAGAAGCGCCGGCTAACTACGTGCCAGCAGCCGCGGTAATACGTAGGGCGCGAGCGTTGTCCGGAATTATTGGGCGTAAAGAGCTCGTAGGTGGTTTGTCGCGTCTGCTGTGAAATCCTCAGGCTCAACCTGGGGCGTGCAGTGGGTACGGGCAGACTTGAGTGCGGTAGGGGAGACTGGAATTCCTGGTGTAGCGGTGGAATGCGCAGATATCAGGAGGAACACCGGTGGCGAAGGCGGGTCTCTGGGCCGTTACTGACGCTGAGGAGCGAAAGCATGGGGAGCGAACA;0;10;0;0;0;0;22;4;0;8;0;11;0;0;20;35;0;22;8;0;0;0;0;0;0;0;0;0;0;0;0;0;0;11;15;0
Morganellaceae__Providencia__TGGGGAATATTGCACAATGGGCGCAAGCCTGATGCAGCCATGCCGCGTGTATGAAGAAGGCCCTAGGGTTGTAAAGTACTTTCAGTCGGGAGGAAGGCGTTGATGCTAATATCATCAACGATTGACGTTACCGACAGAAGAAGCACCGGCTAACTCCGTGCCAGCAGCCGCGGTAATACGGAGGGTGCAAGCGTTAATCGGAATTACTGGGCGTAAAGCGCACGCAGGCGGTTGATTAAGTTAGATGTGAAATCCCCGGGCTTAACCTGGGAATGGCATCTAAGACTGGTCAGCTAGAGTCTTGTAGAGGGGGGTAGAATTCCATGTGTAGCGGTGAAATGCGTAGAGATGTGGAGGAATACCGGTGGCGAAGGCGGCCCCCTGGACAAAGACTGACGCTCAGGTGCGAAAGCGTGGGGAGCAAACA;0;0;0;36;25;39;23;0;0;0;22;25;17;19;0;14;31;0;0;20;18;0;25;0;0;14;11;11;19;5;0;38;0;35;0;24
NA__NA__TAGGGAATTTTCCACAATGGACGAAAGTCTGATGGAGCAATGCCGCGTGAGGGAAGACGGCCTTCGGGTTGTAAACCTCTGTTGTAAGTGAGGAAAGGTATGAGTAGGAAATGGCTCATATTTGACATTAGCTTACCAGAAAGCCACGGCTAACTACGTGCCAGCAGCCGCGGTAATACGTAGGTGGCGAGCGTTATCCGGAATTATTGGGCGTAAAGGGTGCGCAGGCGGTTACAAAAGATTGTGGTTAAAGAATGGGGCTCAACTCCATAATGCCATGATAACTGTGTAACTAGAGTGCAGAAGAGGAAAGTGGAATTCCATGTGTAGCGGTGAAATGCGTAGATATATGGAGGAACACCAGTGGCGAAGGCGACTTTCTGGTCTGTAACTGACGCTGAGGCACGAAAGCGTGGGGAGCAAATA;0;4;0;0;0;0;24;0;0;0;0;9;0;0;0;0;0;20;0;0;0;0;0;0;0;0;0;0;0;0;0;0;0;0;16;0
Enterococcaceae__Enterococcus__TAGGGAATCTTCGGCAATGGACGAAAGTCTGACCGAGCAACGCCGCGTGAGTGAAGAAGGTTTTCGGATCGTAAAACTCTGTTGTTAGAGAAGAACAAGTAGGAGAGTAACTGCTCTTACCTTGACGGTATCTAACCAGAAAGCCACGGCTAACTACGTGCCAGCAGCCGCGGTAATACGTAGGTGGCAAGCGTTGTCCGGATTTATTGGGCGTAAAGCGAGCGCAGGCGGTTTCTTAAGTCTGATGTGAAAGCCCCCGGCTCAACCGGGGAGGGTCATTGGAAACTGGGAGACTTGAGTGCAGAAGAGGAGAGTGGAATTCCATGTGTAGCGGTGAAATGCGTAGATATATGGAGGAACACCAGTGGCGAAGGCGACTCTCTGGTCTGTAACTGACGCTGAGGCTCGAAAGCGTGGGGAGCAAACA;0;0;0;0;0;0;38;0;0;0;13;0;0;0;0;29;0;40;0;0;0;0;0;5;0;0;0;0;0;0;0;0;0;0;0;26
Dysgonomonadaceae__Dysgonomonas__TGAGGAATATTGGTCAATGGACGAGAGTCTGAACCAGCCAAGTCGCGTGAAGGATGACGGCCCTACGGGTTGTAAACTTCTTTTGTATGGGAGTAAAAAAGACTACGCGTAGTCTATTGCAAGTACCATACGAATAAGCATCGGCTAACTCCGTGCCAGCAGCCGCGGTAATACGGAGGATGCAAGCGTTATCCGGATTTATTGGGTTTAAAGGGTGCGTAGGCGGGATGATAAGTCAGCGGTGAAAGTTTGAGGCTCAACCTTAAAATTGCCGTTGAAACTGTTTTTCTTGAGTATATTTGAAGTAGGCGGAATTCGTGGTGTAGCGGTGAAATGCATAGATATCACGAAGAACTCCAATTGCGAAGGCAGCTTACTAAACTATAACTGACGCTGAAGCACGAAAGCGTGGGTATCAAACA;0;0;0;0;0;0;11;0;0;0;0;0;0;0;0;8;0;6;0;0;0;0;0;0;0;0;0;0;0;0;0;0;0;5;8;0
Actinomycetaceae__Actinomyces__TGGGGAATATTGCACAATGGGCGAAAGCCTGATGCAGCGACGCCGCGTGAGGGATGAAGGCCTTCGGGTTGTAAACCTTTTTCGCTTTTGATCAAGGCGCGTCTTTGGGGCGTGTTGAGAGTATGAGGTAAAGAAGCACCGGCTAACTACGTGCCAGCAGCCGCGGTAATACGTAGGGTGCGAGCGTTGTCCGGAATTATTGGGCGTAAAGGGCTTGTAGGTGGCTTGTCGCGTCTGCCGTGAAATGTGCTGGCTTAACTGGTGCAGTGCGGTGGGTACGGGCAGGCTTGAGTGTGGTAGGGGAGATTGGAATTCCTGGTGTAGCGGTGGAATGCGCAGATATCAGGAAGAACACCGGTGGCGAAGGCGGATCTCTGGGCCATTACTGACGCTGAGGAGCGAAAGCGTGGGGAGCGAACA;0;0;0;0;0;0;10;0;0;0;0;12;0;0;0;0;0;9;0;0;0;0;0;0;0;0;0;0;0;0;0;0;0;0;6;0
Orbaceae__NA__TGGGGAATATTGCACAATGGGGGGAACCCTGATGCAGCCATGCCGCGTGTATGAAGAAGGCCTTAGGGTTGTAAAGTACTTTCGTGGAGGAGGAAGGGTTTATGTTTAATAGATATGAGCATTGACGTTACTCCAAGAAGAAGCACCGGCTAACTCCGTGCCAGCAGCCGCGGTAATACGGAGGGTGCAAGCGTTAATCGGAATGACTGGGCGTAAAGGGCATGTAGGCGGATGAATAAGTTAGATGTGAAATCCCTGGGCTTAACCTAGGAACTGCATTTAAAACTGTTTATCTAGAGTATTGTAGAGGAAGGTAGAATTCCATGTGTAGCGGTGAAATGCGTAGAGATGTGGAGGAATACCGGTGGCGAAGGCGGCCTTCTGGACAGATACTGACGCTGAGGTGCGAAAGCGTGGGGAGCAAACA;0;0;0;0;0;13;0;0;0;0;0;0;0;0;0;0;0;7;0;0;0;0;6;0;0;0;0;0;0;0;0;0;0;0;0;0
Morganellaceae__Morganella__TGGGGAATATTGCACAATGGGCGCAAGCCTGATGCAGCCATGCCGCGTGTATGAAGAAGGCCTTCGGGTTGTAAAGTACTTTCAGTCGGGAGGAAGGTGTCAAGGTTAATAACCTTGGCAATTGACGTTACCGACAGAAGAAGCACCGGCTAACTCCGTGCCAGCAGCCGCGGTAATACGGAGGGTGCAAGCGTTAATCGGAATTACTGGGCGTAAAGCGCACGCAGGCGGTTGATTGAGTCAGATGTGAAATCCCCGGGCTTAACCCGGGAATTGCATCTGATACTGGTCAGCTAGAGTCTTGTAGAGGGGGGTAGAATTCCATGTGTAGCGGTGAAATGCGTAGAGATGTGGAGGAATACCGGTGGCGAAGGCGGCCCCCTGGACAAAGACTGACGCTCAGGTGCGAAAGCGTGGGGAGCAAACA;0;0;0;0;0;0;42;0;0;0;0;0;0;0;0;0;0;36;0;0;0;0;0;0;0;0;0;0;0;0;0;0;0;0;18;0
NA__NA__TGGGGAATTTTCCGCAATGGGCGAAAGCCTGACGGAGCAATGCCGCGTGGAGGTAGAAGGCCCACGGGTCGTGAACTTCTTTTCCCGGAGAAGAAGCAATGACGGTATCTGGGGAATAAGCATCGGCTAACTCTGTGCCAGCAGCCGCGGTAATACAGAGGATGCAAGCGTTATCCGGAATGATTGGGCGTAAAGCGTCTGTAGGTGGCTTTTTAAGTCCGCCGTCAAATCCCAGGGCTCAACCCTGGACAGGCGGTGGAAACTACCAAGCTGGAGTACGGTAGGGGCAGAGGGAATTTCCGGTGGAGCGGTGAAATGCGTAGAGATCGGAAAGAACACCAACGGCGAAAGCACTCTGCTGGGCCGACACTGACACTGAGAGACGAAAGCTAGGGGAGCGAATG;1891;5099;1813;488;115;489;1249;532;839;461;3123;325;545;459;1076;1267;461;632;602;455;409;3757;384;220;350;362;569;745;706;3972;7580;4863;5841;1591;5906;8083
Bacillaceae__NA__TAGGGAATCTTCCGCAATGGACGAAAGTCTGACGGAGCAACGCCGCGTGAACGATGAAGGTCTTCGGATCGTAAAGTTCTGTTATCAGGGAAGAACAAGTATCGGAGTAACTGCCGGTACCTTGACGGTACCTGACCAGAAAGCCACGGCTAACTACGTGCCAGCAGCCGCGGTAATACGTAGGTGGCAAGCGTTGTTCGGAATTATTGGGCGTAAAGCGCGCGCAGGCGGTTTCTTAAGTCTGATGTGAAATCTCGTGGCTCAACCACGAGCGGCCATTGGAAACTGGGAAACTTGAGTGCAGAAGAGAAGAGCGGAATTCCACGTGTAGCGGTGAAATGCGTAGAGATGTGGAGGAACACCAGTGGCGAAGGCGGCTCTTTGGTCTGTAACTGACGCTGAGGCGCGAAAGCGTGGGGAGCAAACA;0;0;0;0;0;16;0;0;0;0;0;0;0;0;0;0;0;0;0;0;0;0;7;0;0;0;0;0;0;0;0;0;0;13;0;0
Pseudomonadaceae__Pseudomonas__TGGGGAATATTGGACAATGGGCGAAAGCCTGATCCAGCCATGCCGCGTGTGTGAAGAAGGTCTTCGGATTGTAAAGCACTTTAAGTTGGGAGGAAGGGCATTAACCTAATACGTTAGTGTTTTGACGTTACCGACAGAATAAGCACCGGCTAACTCTGTGCCAGCAGCCGCGGTAATACAGAGGGTGCAAGCGTTAATCGGAATTACTGGGCGTAAAGCGCGCGTAGGTGGTTTGTTAAGTTGAATGTGAAATCCCCGGGCTCAACCTGGGAACTGCATCCAAAACTGGCAAGCTAGAGTATGGTAGAGGGTAGTGGAATTTCCTGTGTAGCGGTGAAATGCGTAGATATAGGAAGGAACACCAGTGGCGAAGGCGACTACCTGGACTGATACTGACACTGAGGTGCGAAAGCGTGGGGAGCAAACA;1053;2960;1850;543;104;254;812;486;421;155;3690;142;273;242;444;1128;779;450;275;255;228;2577;176;58;168;222;260;413;572;2233;6778;3396;3246;1138;3971;5802
Moraxellaceae__Psychrobacter__TGGGGAATATTGGACAATGGGGGAAACCCTGATCCAGCCATGCCGCGTGTGTGAAGAAGGCCTTTTGGTTGTAAAGCACTTTAAGCAGTGAAGAAGACTCCATGGTTAATACCCATGGACGATGACATTAGCTGCAGAATAAGCACCGGCTAACTCTGTGCCAGCAGCCGCGGTAATACAGAGGGTGCAAGCGTTAATCGGAATTACTGGGCGTAAAGGGAGCGTAGGTGGCTCTATAAGTCAGATGTGAAATCCCCGGGCTTAACCTGGGAACTGCATCTGAAACTGTAGAGCTAGAGTATGTGAGAGGAAGGTAGAATTCCAGGTGTAGCGGTGAAATGCGTAGAGATCTGGAGGAATACCGATGGCGAAGGCAGCCTTCTGGCATAATACTGACACTGAGGCTCGAAAGCGTGGGTAGCAAACA;593;1539;852;401;55;468;471;525;540;108;2157;72;173;92;331;1332;416;527;228;122;132;957;301;24;191;264;281;241;170;948;2765;1663;1396;601;2386;1793
Lachnospiraceae__NA__TGGGGAATATTGCACAATGGGCGAAAGCCTGATGCAGCGACGCCGCGTGAGCGAAGAAGTATTTCGGTATGTAAAGCTCTATCAGCAGGGAAGAAAATGACGGTACCTGACTAAGAAGCCCCGGCTAACTACGTGCCAGCAGCCGCGGTAATACGTAGGGGGCAAGCGTTATCCGGATTTACTGGGTGTAAAGGGAGCGTAGACGGCTGTGCAAGTCTGAAGTGAAAGCCCGGGGCTCAACCCCGGGACTGCTTTGGAAACTGTGCAGCTCGAGTACCGGAGGGGTAAGCGGAATTCCTAGTGTAGCGGTGAAATGCGTAGATATTAGGAGGAACACCAGTGGCGAAGGCGGCTTACTGGACGGTAACTGACGTTGAGGCTCGAAAGCGTGGGTAGCAAACA;0;0;0;0;0;0;23;0;0;0;0;0;0;0;0;0;0;9;0;0;0;0;0;0;0;0;0;0;0;0;0;0;0;0;0;0
Lactobacillaceae__Lacticaseibacillus__TAGGGAATCTTCCACAATGGACGCAAGTCTGATGGAGCAACGCCGCGTGAGTGAAGAAGGCTTTCGGGTCGTAAAACTCTGTTGTTGGAGAAGAATGGTCGGCAGAGTAACTGTTGTCGGCGTGACGGTATCCAACCAGAAAGCCACGGCTAACTACGTGCCAGCAGCCGCGGTAATACGTAGGTGGCAAGCGTTATCCGGATTTATTGGGCGTAAAGCGAGCGCAGGCGGTTTTTTAAGTCTGATGTGAAAGCCCTCGGCTTAACCGAGGAAGCGCATCGGAAACTGGGAAACTTGAGTGCAGAAGAGGACAGTGGAACTCCATGTGTAGCGGTGAAATGCGTAGATATATGGAAGAACACCAGTGGCGAAGGCGGCTGTCTGGTCTGTAACTGACGCTGAGGCTCGAAAGCATGGGTAGCGAACA;14;12;0;42;28;29;110;72;19;150;14;131;289;517;244;195;682;432;802;913;347;15;296;1300;1071;1175;1387;1055;2737;23;29;20;16;9;22;37
Listeriaceae__Brochothrix__TAGGGAATCTTCGGCAATGGACGAAAGTCTGACCGAGCAACGCCGCGTGAGCGAAGAAGGCCTTCGGGTCGTAAAGCTCTGTTGTTAGAGAAGAACATGGGTGAGAGTAACTGTTCACCCCTTGACGGTATCTAACCAGAAAGCCACGGCTAACTACGTGCCAGCAGCCGCGGTAATACGTAGGTGGCAAGCGTTGTCCGGAATTATTGGGCGTAAAGCGCGCGCAGGCGGTCTCTTAAGTCTGATGTGAAAGCCCCCGGCTCAACCGGGGAGGGTCATTGGAAACTGGGAGACTTGAGGACAGAAGAGGAGAGTGGAATTCCAAGTGTAGCGGTGAAATGCGTAGATATTTGGAGGAACACCAGTGGCGAAGGCGGCTCTCTGGTCTGTTACTGACGCTGAGGCGCGAAAGCGTGGGGAGCAAACA;363;242;458;196;994;67;247;87;51;58;621;88;86;42;82;58;71;496;59;208;44;558;51;14;41;29;15;24;49;228;609;384;378;1040;4829;657
Carnobacteriaceae__Atopostipes__TAGGGAATCTTCCACAATGGGTGCAAACCTGATGGAGCAATGCCGCGTGAATGAAGAAGGTCTTCGGATCGTAAAGTTCTGTTATTAGAGAAGAACAAGTCAAGGAGTAACTGTCTTGACTTTGACGGTACCTAACCAGAAAGTCACGGCTAACTACGTGCCAGCAGCCGCGGTAATACGTAGGTGACAAGCGTTGTCCGGAATTATTGGGCGTAAAGGGAGCGCAGGCGGTTGGAATAGTCTGATGTGAAAGCCCACGGCTTAACCGTGGAAGGTCATTGGAAACTGTCCAACTTGAATGCAGAAGAGGTAAGTGGAATTCCATGTGTAGCGGTGAAATGCGTAGATATATGGAGGAACACCAGTGGCGAAGGCGACTTACTGGTCTGTGATTGACGCTGAGGCTCGAAAGCGTGGGTAGCGAACA;0;0;0;0;0;0;13;0;0;0;0;0;0;0;0;0;0;0;0;0;0;0;0;0;0;0;0;0;0;0;0;0;0;0;6;0
Mitochondria__NA__TGGGGAATCTTGGACAATGGGCGAAAGCCCGATCCAGCAATATCGCGTGAGTGAAGAAGGGCAATGCCGCTTGTAAAGCTCTTTCGTCGAGTGCGCGATCATGACAGGACTCGAGGAAGAAGCCCCGGCTAACTCCGTGCCAGCAGCCGCGGTAAGACGGGGGGGGCAAGTGTTCTTCGGAATGACTGGGCGTAAAGGGCACGTAGGCGGTGAATCGGGTTGAAAGTGAAAGTCGCCAAAAACTGGCGGAATGCTCTCGAAACCAATTCACTTGAGTGAGACAGAGGAGAGTGGAATTTCGTGTGTAGGGGTGAAATCCGGAGATCTACGAAGGAACGCCAAAAGCGAAGGCAGCTCTCTGGGTCCCTACCGACGCTGGGGTGCGAAAGCATGGGGAGCGAACG;306;1047;312;56;22;70;171;66;100;67;462;46;74;75;157;197;59;96;94;53;56;520;57;18;42;50;69;95;102;612;1046;688;803;272;934;1387
Moraxellaceae__Acinetobacter__TGGGGAATATTGGACAATGGGGGGAACCCTGATCCAGCCATGCCGCGTGTGTGAAGAAGGCCTTTTGGTTGTAAAGCACTTTAAGCGAGGAGGAGGCTCCCAGTATTAATACTACTGGAGAGTGGACGTTACTCGCAGAATAAGCACCGGCTAACTCTGTGCCAGCAGCCGCGGTAATACAGAGGGTGCAAGCGTTAATCGGATTTACTGGGCGTAAAGCGTGCGTAGGTGGCCAATTAAGTCAAATGTGAAATCCCCGAGCTTAACTTGGGAATTGCATTCGATACTGGTTGGCTAGAGTATGGGAGAGGATGGTAGAATTCCAGGTGTAGCGGTGAAATGCGTAGAGATCTGGAGGAATACCGATGGCGAAGGCAGCCATCTGGCCTAATACTGACACTGAGGTACGAAAGCATGGGGAGCAAACA;222;720;418;83;16;31;159;77;217;52;487;14;31;21;99;80;39;78;30;24;56;421;84;27;30;13;37;90;147;353;741;667;664;109;724;1477
Enterobacteriaceae__Escherichia.Shigella__TGGGGAATATTGCACAATGGGCGCAAGCCTGATGCAGCCATGCCGCGTGTATGAAGAAGGCCTTCGGGTTGTAAAGTACTTTCAGCGGGGAGGAAGGGAGTAAAGTTAATACCTTTGCTCATTGACGTTACCCGCAGAAGAAGCACCGGCTAACTCCGTGCCAGCAGCCGCGGTAATACGGAGGGTGCAAGCGTTAATCGGAATTACTGGGCGTAAAGCGCACGCAGGCGGTTTGTTAAGTCAGATGTGAAATCCCCGGGCTCAACCTGGGAACTGCATCTGATACTGGCAAGCTTGAGTCTCGTAGAGGGGGGTAGAATTCCAGGTGTAGCGGTGAAATGCGTAGAGATCTGGAGGAATACCGGTGGCGAAGGCGGCCCCCTGGACGAAGACTGACGCTCAGGTGCGAAAGCGTGGGGAGCAAACA;0;0;0;0;0;0;0;0;0;0;0;0;0;0;0;0;0;0;9;0;0;0;0;0;0;0;0;0;0;0;9;0;0;0;0;6
Bacillaceae__Pseudogracilibacillus__TAGGGAATCTTCCGCAATGGACGAAAGTCTGACGGAGCAATGCCGCGTGAGTGATGAAGGCCTTAGGGTCGTAAAACTCTGTTGTTAGGGAAGAATAGGTATCGGAGTAATATGCCGGTACTTTGACGGTACCTTACCAGAAAGCCCCGGCTAACTACGTGCCAGCAGCCGCGGTAATACGTAGGGGGCGAGCGTTGTCCGGAATTATTGGGCGTAAAGGGCGCGCAGGCGGTTTCTTAAGTCTGATGTGAAATCTCGTGGCTTAACCACGAGCGGTCGTTGGAAACTGGGAAACTTGAGTACAGAAGAGGAGAGTGGAATTCCACGTGTAGCGGTGAAATGCGTAGAGATGTGGAGGAACACCAGTGGCGAAGGCGGCTCTCTGGTCTGTAACTGACGCTGAGGTGCGAAAGCGTGGGGAGCAAACA;0;0;0;0;0;0;0;0;0;0;0;0;0;0;0;0;0;0;0;0;0;0;0;0;0;0;0;0;0;0;0;0;0;0;6;0
Enterobacteriaceae__Klebsiella__TGGGGAATATTGCACAATGGGCGCAAGCCTGATGCAGCCATGCCGCGTGTGTGAAGAAGGCCTTCGGGTTGTAAAGCACTTTCAGCGGGGAGGAAGGCGTTAAGGTTAATAACCTTGGCGATTGACGTTACCCGCAGAAGAAGCACCGGCTAACTCCGTGCCAGCAGCCGCGGTAATACGGAGGGTGCAAGCGTTAATCGGAATTACTGGGCGTAAAGCGCACGCAGGCGGTCTGTCAAGTCGGATGTGAAATCCCCGGGCTCAACCTGGGAACTGCATTCGAAACTGGCAGGCTAGAGTCTTGTAGAGGGGGGTAGAATTCCAGGTGTAGCGGTGAAATGCGTAGAGATCTGGAGGAATACCGGTGGCGAAGGCGGCCCCCTGGACAAAGACTGACGCTCAGGTGCGAAAGCGTGGGGAGCAAACA;0;0;0;0;0;0;0;0;7;0;0;0;0;0;0;0;0;0;0;0;0;0;0;0;0;0;0;0;0;0;0;0;0;0;0;0
Comamonadaceae__Pelomonas__TGGGGAATTTTGGACAATGGGCGCAAGCCTGATCCAGCCATGCCGCGTGCGGGAAGAAGGCCTTCGGGTTGTAAACCGCTTTTGTCAGGGAAGAAAAGGTTCTGGCTAATACCTGGGACTCATGACGGTACCTGAAGAATAAGCACCGGCTAACTACGTGCCAGCAGCCGCGGTAATACGTAGGGTGCAAGCGTTAATCGGAATTACTGGGCGTAAAGCGTGCGCAGGCGGTTATGCAAGACAGAGGTGAAATCCCCGGGCTCAACCTGGGAACTGCCTTTGTGACTGCATGGCTAGAGTACGGTAGAGGGGGATGGAATTCCGCGTGTAGCAGTGAAATGCGTAGATATGCGGAGGAACACCGATGGCGAAGGCAATCCCCTGGACCTGTACTGACGCTCATGCACGAAAGCGTGGGGAGCAAACA;3;4;0;0;0;4;6;4;0;5;16;2;5;0;18;10;10;6;6;0;0;24;0;443;0;2;0;0;11;15;31;23;14;0;7;13
Brevibacteriaceae__Brevibacterium__TGGGGAATATTGCACAATGGGGGAAACCCTGATGCAGCGACGCCGCGTGGGGGATGACGGCCTTCGGGTTGTAAACCTCTTTCAGTAGGGAAGAAGCCTTCGGGTGACGGTACCTGCAGAAGAAGTACCGGCTAACTACGTGCCAGCAGCCGCGGTAATACGTAGGGTACAAGCGTTGTCCGGAATTATTGGGCGTAAAGAGCTCGTAGGTGGTCTGTCACGTCTGCTGTGGAAACGCAAGGCTCAACCTTGCGCGTGCAGTGGGTACGGGCGGACTAGAGTGCAGTAGGGGAGTCTGGAATTCCTGGTGTAGCGGTGAAATGCGCAGATATCAGGAGGAACACCGGTGGCGAAGGCGGGACTCTGGGCTGTAACTGACGCTGAGGAGCGAAAGCATGGGGAGCGAACA;0;0;0;0;0;0;0;0;0;0;0;0;0;0;0;0;0;0;0;0;0;0;0;1190;0;0;0;0;0;0;13;6;5;0;0;8
Vibrionaceae__Photobacterium__TGGGGAATATTGCACAATGGGGGAAACCCTGATGCAGCCATGCCGCGTGTATGAAGAAGGCCTTCGGGTTGTAAAGTACTTTCAGTTGTGAGGAAGGCGTTGGAGTTAATAGCTTCAGCGTTTGACGTTAGCAACAGAAGAAGCACCGGCTAACTCCGTGCCAGCAGCCGCGGTAATACGGAGGGTGCGAGCGTTAATCGGAATTACTGGGCGTAAAGCGCATGCAGGCGGTCTGTTAAGCAAGATGTGAAAGCCCGGGGCTCAACCTCGGAACAGCATTTTGAACTGGCAGACTAGAGTCTTGTAGAGGGGGGTAGAATTTCAGGTGTAGCGGTGAAATGCGTAGAGATCTGAAGGAATACCGGTGGCGAAGGCGGCCCCCTGGACAAAGACTGACGCTCAGATGCGAAAGCGTGGGGAGCAAACA;28;166;37;5;0;5;26;5;15;7;102;7;0;5;9;16;9;7;9;0;10;71;7;0;6;0;0;15;7;61;84;79;115;62;144;148
Micrococcaceae__Kocuria__TGGGGAATATTGCACAATGGGCGAAAGCCTGATGCAGCGACGCCGCGTGAGGGATGACGGCCTTCGGGTTGTAAACCTCTTTCAGCAGGGAAGAAGCCACAAGTGACGGTACCTGCAGAAGAAGCGCCGGCTAACTACGTGCCAGCAGCCGCGGTAATACGTAGGGCGCAAGCGTTGTCCGGAATTATTGGGCGTAAAGAGCTCGTAGGCGGTTTGTCGCGTCTGCTGTGAAAGCCCGGGGCTTAACCCCGGGTGTGCAGTGGGTACGGGCAGACTAGAGTGCAGTAGGGGAGACTGGAATTCCTGGTGTAGCGGTGGAATGCGCAGATATCAGGAGGAACACCGATGGCGAAGGCAGGTCTCTGGGCTGTTACTGACGCTGAGGAGCGAAAGCATGGGGAGCGAACA;0;0;0;0;0;0;0;0;0;0;0;0;0;0;0;0;0;0;0;0;0;0;0;1005;0;0;0;0;0;0;0;0;0;0;0;0
Lactobacillaceae__Lactiplantibacillus__AATACGTAGGTGGCAAGCGTTGTCCGGATTTATTGGGCGTAAAGCGAGCGCAGGCGGTTTTTTAAGTCTGATGTGAAAGCCTTCGGCTCAACCGAAGAAGTGCATCGGAAACTGGGAAACTTGAGTGCAGAAGAGGACAGTGGAACTCCATGTGTAGCGGTGAAATGCGTAGATATATGGAAGAACACCAGTGGCGAAGGCGGCTGTCTGGTCTGTAACTGACGCTGAGGCTCGAAAGTATGGGTAGCAAACAGGATTAGATACCCTGGTAGTCCATACCGTAAACGATGAATGCTAAGTGTTGGAGGGTTTCCGCCCTTCAGTGCTGCAGCTAACGCATTAAGCATTCCGCCTGGGGAGTACGGCCGCAAGGCT;0;0;56;0;37;24;21;39;0;0;20;16;0;0;144;0;0;91;51;46;0;0;11;0;27;0;0;0;0;0;69;0;39;21;0;0
Lactobacillaceae__Leuconostoc__TAGGGAATCTTCCACAATGGGCGAAAGCCTGATGGAGCAACGCCGCGTGTGTGATGAAGGCTTTCGGGTCGTAAAGCACTGTTGTATGGGAAGAACAGCTAGAGTAGGGAATGACTTTAGTTTGACGGTACCATACCAGAAAGGGACGGCTAAATACGTGCCAGCAGCCGCGGTAATACGTATGTCCCGAGCGTTATCCGGATTTATTGGGCGTAAAGCGAGCGCAGACGGTTAATTAAGTCTGATGTGAAAGCCCGGAGCTCAACTCCGGAAAGGCATTGGAAACTGGTTAACTTGAGTGCAGTAGAGGTAAGTGGAACTCCATGTGTAGCGGTGGAATGCGTAGATATATGGAAGAACACCAGCGGCGAAGGCGGCTTACTGGACTGTAACTGACGTTGAGGCTCGAAAGTGTGGGTAGCAAACA;0;9;34;29;176;11;18;15;0;0;0;0;20;36;0;5;33;0;0;123;0;0;5;0;0;17;22;11;17;0;18;0;8;41;392;69
Corynebacteriaceae__Corynebacterium__TGGGGAATATTGCACAATGGGCGCAAGCCTGATGCAGCGACGCCGCGTGGGGGATGACGGCCTTCGGGTTGTAAACTCCTTTCGTCAGGGACGAAGCGAAAGTGACGGTACCTGGATAAGAAGCACCGGCTAACTACGTGCCAGCAGCCGCGGTAATACGTAGGGTGCGAGCGTTGTCCGGAATTACTGGGCGTAAAGAGCTCGTAGGTGGTTTGTCGCGTCGTTTGTGTAAGTCCACGGCTTAACTGTGGGATGGCAGGCGATACGGGCATAACTTGAGTGCTGTAGGGGAGACTGGAATTCCTGGTGTAGCGGTGAAATGCGCAGATATCAGGAGGAACACCGATGGCGAAGGCAGGTCTCTGGGCAGTAACTGACGCTGAGGAGCGAAAGCATGGGTAGCGAACA;0;0;0;0;0;0;6;0;0;0;0;0;0;0;0;5;0;15;0;0;0;0;0;592;0;2;0;2;0;0;0;0;0;0;0;4
NA__NA__AATTGCAGAATCCCGTGAACCATCGAGTCTTTGAACGCAAGTTGCGCCCGAAGCCATTAGGTTGAGGGCACGTCTGCCTGGGTGTCACGTATCGTGTTGCCCCCAACCACTCACTCCTCTGGGAGCTATTCCGGTTTAGGGGCGGAAATTGGCCTCCCGTACCTTGCGGTGCGGATGGCACAAAAGTGAGTCTCCGATGACGGACGTCGTGACATTGGTGGTTGTTAAAAGAACTTCTTGTCTTGTCACGTGAATCCCCGTCATCTTATGGAGATCTATGATCCTTAAGCGACACACATTGTGTGCGCTCCAAATGTGACCCCAGGTCAGGCGGGACTACCCGCTGAGTTTAAGCATATCAATAAGCGGAGGAAAAGAAACTTACAAGGATTCCCCTAGTAACGGCGAGCGAACCGGGAATAGCCCAGCTTGAAAATTGGGCGGCTTCGTCGTCCAA;3;102;47;26;68;47;41;13;2;18;6;32;11;39;22;67;14;21;0;49;0;0;5;26;7;0;24;0;9;30;31;41;69;21;36;45
Dermabacteraceae__Brachybacterium__TGGGGAATATTGCACAATGGGCGAAAGCCTGATGCAGCGACGCCGCGTGGGGGATGACGGCCTTCGGGTTGTAAACCTCTTTCAGTAGGGAAGAAGCGAAAGTGACGGTACCTGCAGAAGAAGCGCCGGCTAACTACGTGCCAGCAGCCGCGGTAATACGTAGGGCGCAAGCGTTGTCCGGAATTATTGGGCGTAAAGAGCTTGTAGGTGGCTTGTCGCGTCTGCCGTGAAAACCCGAGGCTCAACCTCGGGCGTGCGGTGGGTACGGGCAGGCTAGAGTGTGGTAGGGGAGACTGGAACTCCTGGTGTAGCGGTGATATGCGCAGATATCAGGAAGAACACCGATGGCGAAGGCAGGTCTCTGGGCCATTACTGACACTGAGAAGCGAAAGCATGGGGAGCGAACA;0;0;0;0;0;0;0;0;0;0;0;0;0;0;0;0;0;0;0;0;0;0;0;438;0;0;0;0;0;0;0;0;0;0;0;0
Listeriaceae__Listeria__TAGGGAATCTTCCGCAATGGACGAAAGTCTGACGGAGCAACGCCGCGTGTATGAAGAAGGTTTTCGGATCGTAAAGTACTGTTGTTAGAGAAGAACAAGGATAAGAGTAACTGCTTGTCCCTTGACGGTATCTAACCAGAAAGCCACGGCTAACTACGTGCCAGCAGCCGCGGTAATACGTAGGTGGCAAGCGTTGTCCGGATTTATTGGGCGTAAAGCGCGCGCAGGCGGTCTTTTAAGTCTGATGTGAAAGCCCCCGGCTTAACCGGGGAGGGTCATTGGAAACTGGAAGACTGGAGTGCAGAAGAGGAGAGTGGAATTCCACGTGTAGCGGTGAAATGCGTAGATATGTGGAGGAACACCAGTGGCGAAGGCGACTCTCTGGTCTGTAACTGACGCTGAGGCGCGAAAGCGTGGGGAGCAAACA;17;10;18;5;13;0;0;0;0;0;15;0;0;0;7;0;0;0;0;0;0;22;0;11;0;0;0;0;0;22;45;23;25;23;102;48
Streptococcaceae__Lactococcus__TAGGGAATCTTCGGCAATGGACGAAAGTCTGACCGAGCAACGCCGCGTGAGTGAAGAAGGTTTTCGGATCGTAAAACTCTGTTGTTAGAGAAGAACGTTGTGTAGAGTGGAAAATTACACAAGTGACGGTATCTAACCAGAAAGGGACGGCTAACTACGTGCCAGCAGCCGCGGTAATACGTAGGTCCCGAGCGTTGTCCGGATTTATTGGGCGTAAAGCGAGCGCAGGTGGTTTAATAAGTCTGATGTAAAAGGCAGTGGCTCAACCATTGTGTGCATTGGAAACTGTTAGACTTGAGTGCAGTAGAGGAGAGTGGAATTCCATGTGTAGCGGTGAAATGCGTAGATATATGGAGGAACACCGGTGGCGAAAGCGGCTCTCTGGACTGTAACTGACACTGAGGCTCGAAAGCGTGGGTAGCAAACA;10;0;8;6;12;0;0;0;0;0;15;5;0;0;0;0;0;3;0;8;0;8;0;0;4;5;0;0;0;12;12;6;9;21;232;18
NA__NA__AATTGCAGAATCCCGTGAACCATCGAGTCTTTGAACGCAAGTTGCGCCCGAAGCCATTAGGCCGAGGGCACGTCTGCCTGGGCGTCACGCATCGCGTCGCCCCCCTCGCATCGCGCCCCAATCACGGGGCGTGCTGTCGTCGCGGGGCGGATACTGGCCTCCCGTGCGCCCCGAGCTCGCGGCTGGCCTAAATACGAGTCCACGTCGACGGACGTCGCGGCAAGTGGTGGTTGCAACTCAACTCTCTTCGTCGTCGCGGCTACGGCCCGTCGCGCGTTCGGACTCCAGGACCCCTTCGCGCTCAGGCGCTCCGACCGCGACCCCAGGTCAGGCGGGATTACCCGCTGAGTTTAAGCATATCAATAAGCGGAGGAAAAGAAACTTACAAGGATTCCCTTAGTAACGGCGAGCGAACCGGGAACAGCCCAGCCTTAGAATCGGGCGGCTCCGTCGTCCGA;0;22;0;30;0;0;0;0;0;8;0;0;25;0;0;35;36;0;0;0;0;0;0;14;0;13;0;0;0;2;0;21;0;0;4;11
Oxalobacteraceae__Janthinobacterium__TGGGGAATTTTGGACAATGGGCGAAAGCCTGATCCAGCAATGCCGCGTGAGTGAAGAAGGCCTTCGGGTTGTAAAGCTCTTTTGTCAGGGAAGAAACGGTGAGAGCTAATATCTCTTGCTAATGACGGTACCTGAAGAATAAGCACCGGCTAACTACGTGCCAGCAGCCGCGGTAATACGTAGGGTGCAAGCGTTAATCGGAATTACTGGGCGTAAAGCGTGCGCAGGCGGTTTTGTAAGTCTGATGTGAAATCCCCGGGCTCAACCTGGGAATTGCATTGGAGACTGCAAGGCTAGAATCTGGCAGAGGGGGGTAGAATTCCACGTGTAGCAGTGAAATGCGTAGATATGTGGAGGAACACCGATGGCGAAGGCAGCCCCCTGGGTCAAGATTGACGCTCATGCACGAAAGCGTGGGGAGCAAACA;7;27;22;11;0;3;13;0;7;0;65;0;5;8;4;13;17;11;13;0;4;38;0;0;7;0;0;6;0;12;58;32;36;9;28;60
Micrococcaceae__Citricoccus__TGGGGAATATTGCACAATGGGCGCAAGCCTGATGCAGCGACGCCGCGTGAGGGATGACGGCCTTCGGGTTGTAAACCTCTTTCAGTAGGGAAGAAGCGAAAGTGACGGTACCTGCAGAAGAAGCGCCGGCTAACTACGTGCCAGCAGCCGCGGTAATACGTAGGGCGCGAGCGTTATCCGGAATTATTGGGCGTAAAGAGCTCGTAGGCGGTTTGTCGCGTCTGCCGTGAAAGTCCGGGGCTTAACCCCGGATCTGCGGTGGGTACGGGCAGACTAGAGTGCAGTAGGGGAGACTGGAATTCCTGGTGTAGCGGTGAAATGCGCAGATATCAGGAGGAACACCGATGGCGAAGGCAGGTCTCTGGGCTGTAACTGACGCTGAGGAGCGAAAGCATGGGGAGCGAACA;0;0;0;0;0;0;0;0;0;0;0;0;0;0;0;0;0;0;0;0;0;0;0;292;0;0;0;0;0;0;0;0;0;0;0;0
Lactobacillaceae__Dellaglioa__TAGGGAATCTTCCACAATGGACGAAAGTCTGATGGAGCAACGCCGCGTGAGTGAAGAAGGTTTTCGGATCGTAAAGCTCTGTTGTTAGAGAAGAATGTAGGTAAGAGTAACTGTTTACCTAGTGACGGTATCTAACCAGAAAGCCACGGCTAACTACGTGCCAGCAGCCGCGGTAATACGTAGGTGGCAAGCGTTATCCGGATTTATTGGGCGTAAAGCGAACGCAGGCGGTTTTTTAAGTCTGATGTGAAAGCCTTCGGCTCAACCGAAGAAATGCATTGGAAACTGGATAACTTGAGTGCAGAAGAGGAGAGTGGAACACCATGTGTAGCGGTGAAATGCGTAGATATATGGTAGAACACCAGTGGCGAAAGCGGCTCTCTGGTCTGTAACTGACGCTGAGGTTCGAAAGCATGGGTAGCAAACA;7;8;9;0;0;0;0;0;0;0;34;0;0;0;0;0;0;0;0;6;0;28;0;0;0;0;0;0;0;21;36;6;40;0;60;27
Carnobacteriaceae__Carnobacterium__TAGGGAATCTTCCGCAATGGACGAAAGTCTGACGGAGCAATGCCGCGTGAGTGAAGAAGGTTTTCGGATCGTAAAACTCTGTTGTTAGAGAAGAACAAGGATGAGAGTAACTGCTCATCCCCTGACGGTATCTAACCAGAAAGCCACGGCTAACTACGTGCCAGCAGCCGCGGTAATACGTAGGTGGCAAGCGTTGTCCGGATTTATTGGGCGTAAAGCGAGCGCAGGCGGTTCTTTAAGTCTGATGTGAAAGCCCCCGGCTCAACCGGGGAGGGTCATTGGAAACTGGAGAACTTGAGTGCAGAAGAGGAGAGTGGAATTCCATGTGTAGCGGTGAAATGCGTAGATATATGGAGGAACACCAGTGGCGAAGGCGACTCTCTGGTCTGTAACTGACGCTGAGGCTCGAAAGCGTGGGGAGCAAACA;24;0;0;0;0;0;0;0;0;0;0;0;0;0;0;0;0;0;0;0;0;0;0;0;0;0;0;0;0;0;31;17;0;21;199;31
Bacillaceae__Oceanobacillus__TAGGGAATCTTCCGCAATGGACGAAAGTCTGACGGAGCAACGCCGCGTGAGTGATGAAGGTTTTCGGATCGTAAAACTCTGTTGTCGGGGAAGAACAAGTATGATAGTAACTGATCGTACCTTGACGGTACCCGACCAGAAAGCCACGGCTAACTACGTGCCAGCAGCCGCGGTAATACGTAGGTGGCAAGCGTTGTCCGGAATTATTGGGCGTAAAGCGCTCGCAGGCGGTTCTTTAAGTCTGATGTGAAATCTTGCGGCTCAACCGTAAACGTGCATTGGAAACTGGAGGACTTGAGTGCAGAAGAGGAGAGTGGAATTCCACGTGTAGCGGTGAAATGCGTAGAGATGTGGAGGAACACCAGTGGCGAAGGCGACTCTCTGGTCTGTAACTGACGCTGAGGAGCGAAAGCGTGGGGAGCGAACA;0;0;0;0;0;0;0;0;0;0;0;0;0;0;0;0;0;0;0;0;0;0;0;0;0;0;0;0;0;4;0;0;0;0;0;0
Micrococcaceae__Arthrobacter__TGGGGAATATTGCACAATGGGCGAAAGCCTGATGCAGCGACGCCGCGTGAGGGATGACGGCCTTCGGGTTGTAAACCTCTTTCAGTAGGGAACAAGGCCAGCATTTTTGTTGGTTGAGGGTACTTGCAGAAGAAGCGCCGGCTAACTACGTGCCAGCAGCCGCGGTAATACGTAGGGCGCAAGCGTTATCCGGAATTATTGGGCGTAAAGAGCTCGTAGGCGGTTTGTCGCGTCTGCCGTGAAAGTCCGGGGCTCAACTCCGGATCTGCGGTGGGTACGGGCAGACTAGAGTGATGTAGGGGAGACTGGAATTCCTGGTGTAGCGGTGAAATGCGCAGATATCAGGAGGAACACCGATGGCGAAGGCAGGTCTCTGGGCATTAACTGACGCTGAGGAGCGAAAGCATGGGGAGCGAACA;9;12;0;8;0;0;0;0;5;0;20;0;0;0;0;7;5;2;0;0;0;22;0;0;0;0;7;5;0;16;13;17;10;0;0;20
Sphingomonadaceae__Sphingomonas__TGGGGAATATTGGACAATGGGCGAAAGCCTGATCCAGCAATGCCGCGTGAGTGATGAAGGCCTTAGGGTTGTAAAGCTCTTTTACCCGGGATGATAATGACAGTACCGGGAGAATAAGCTCCGGCTAACTCCGTGCCAGCAGCCGCGGTAATACGGAGGGAGCTAGCGTTATTCGGAATTACTGGGCGTAAAGCGCACGTAGGCGGCTTTGTAAGTTAGAGGTGAAAGCCTGGAGCTCAACTCCAGAATTGCCTTTAAGACTGCATCGCTTGAATCCAGGAGAGGTGAGTGGAATTCCGAGTGTAGAGGTGAAATTCGTAGATATTCGGAAGAACACCAGTGGCGAAGGCGGCTCACTGGACTGGTATTGACGCTGAGGTGCGAAAGCGTGGGGAGCAAACA;0;0;0;0;0;0;0;0;3;0;6;0;4;0;0;0;0;0;0;0;0;2;0;25;0;0;0;0;0;0;0;0;0;0;0;0
Enterobacteriaceae__NA__TGGGGAATATTGCACAATGGGCGCAAGCCTGATGCAGCCATGCCGCGTGTATGAAGAAGGCCTTCGGGTTGTAAAGTACTTTCAGCGGGGAGGAAGGTGTTGTGGTTAATAACCGCAGCAATTGACGTTACCCGCAGAAGAAGCACCGGCTAACTCCGTGCCAGCAGCCGCGGTAATACGGAGGGTGCAAGCGTTAATCGGAATTACTGGGCGTAAAGCGCACGCAGGCGGTCTGTCAAGTCGGATGTGAAATCCCCGGGCTCAACCTGGGAACTGCATTCGAAACTGGCAGGCTAGAGTCTTGTAGAGGGGGGTAGAATTCCAGGTGTAGCGGTGAAATGCGTAGAGATCTGGAGGAATACCGGTGGCGAAGGCGGCCCCCTGGACAAAGACTGACGCTCAGGTGCGAAAGCGTGGGGAGCAAACA;0;0;0;0;0;0;0;0;0;0;0;0;0;0;11;0;0;0;0;0;0;0;0;0;0;0;0;0;0;0;17;12;0;0;36;0
Micrococcaceae__Paeniglutamicibacter__TGGGGAATATTGCACAATGGGCGAAAGCCTGATGCAGCGACGCCGCGTGAGGGATGACGGCCTTCGGGTTGTAAACCTCTTTCAGTAGGGAAGAAGCGAAAGTGACGGTACCTGCAGAAGAAGCGCCGGCTAACTACGTGCCAGCAGCCGCGGTAATACGTAGGGCGCAAGCGTTATCCGGAATTATTGGGCGTAAAGAGCTCGTAGGCGGTTTGTCGCGTCTATCGTGAAAGTCCGAGGCTCAACCTCGGATCTGCGGTGGGTACGGGCAGACTAGAGTGATGTAGGGGAGACTGGAATTCCTGGTGTAGCGGTGAAATGCGCAGATATCAGGAGGAACACCGATGGCGAAGGCAGGTCTCTGGGCATTAACTGACGCTGAGGAGCGAAAGCATGGGGAGCGAACA;0;7;0;0;0;0;6;8;0;0;9;0;0;0;0;0;0;0;0;0;0;0;0;0;0;0;0;0;0;0;21;0;8;0;0;0
Erwiniaceae__Pantoea__TGGGGAATATTGCACAATGGGCGCAAGCCTGATGCAGCCATGCCGCGTGTATGAAGAAGGCCTTCGGGTTGTAAAGTACTTTCAGCGGGGAGGAAGGCGACGGGGTTAATAACCCTGTCGATTGACGTTACCCGCAGAAGAAGCACCGGCTAACTCCGTGCCAGCAGCCGCGGTAATACGGAGGGTGCAAGCGTTAATCGGAATTACTGGGCGTAAAGCGCACGCAGGCGGTCTGTTAAGTCAGATGTGAAATCCCCGGGCTTAACCTGGGAACTGCATTTGAAACTGGCAGGCTTGAGTCTTGTAGAGGGGGGTAGAATTCCAGGTGTAGCGGTGAAATGCGTAGAGATCTGGAGGAATACCGGTGGCGAAGGCGGCCCCCTGGACAAAGACTGACGCTCAGGTGCGAAAGCGTGGGGAGCAAACA;0;0;9;0;0;0;0;0;0;0;0;0;0;0;0;0;0;0;0;0;0;0;0;0;4;0;0;0;0;11;12;16;0;0;0;9
Staphylococcaceae__Jeotgalicoccus__TAGGGAATCTTCCGCAATGGACGCAAGTCTGACGGAGCAACGCCGCGTGAGTGATGAAGGGTTTCGGCTCGTAAAACTCTGTTGTTAAGGAAGAACACTTGAGGTAGTAACTGGCCTTGAGATGACGGTACTTAACCAGAAAGCCACGGCTAACTACGTGCCAGCAGCCGCGGTAATACGTAGGTGGCAAGCGTTATCCGGAATTATTGGGCGTAAAGCGCGCGTAGGCGGTAAAATAAGTCTGATGTGAAAGCCCCCGGCTCAACCGGGGAGGGTCATTGGAAACTGTTTTACTTGAGTACAGAAGAGGAGAGTGGAATTCCATGTGTAGCGGTGAAATGCGCAGAGATATGGAGGAACACCAGTGGCGAAGGCGGCTCTCTGGTCTGTAACTGACGCTGAGGTGCGAAAGCGTGGGGATCAAACA;0;0;0;0;0;0;0;0;0;0;0;0;0;0;0;0;0;0;0;0;0;0;0;28;0;0;0;0;0;0;0;0;0;0;0;0
Lactobacillaceae__Weissella__TAGGGAATCTTCCACAATGGGCGAAAGCCTGATGGAGCAACGCCGCGTGTGTGATGAAGGGTTTCGGCTCGTAAAACACTGTTGTAAGAGAAGAATGACATTGAGAGTAACTGTTCAATGTGTGACGGTATCTTACCAGAAAGGAACGGCTAAATACGTGCCAGCAGCCGCGGTAATACGTATGTTCCAAGCGTTATCCGGATTTATTGGGCGTAAAGCGAGCGCAGACGGTTATTTAAGTCTGAAGTGAAAGCCCTCAGCTCAACTGAGGAATTGCTTTGGAAACTGGATGACTTGAGTGCAGTAGAGGAAAGTGGAACTCCATGTGTAGCGGTGAAATGCGTAGATATATGGAAGAACACCAGTGGCGAAGGCGGCTTTCTGGACTGTAACTGACGTTGAGGCTCGAAAGTGTGGGTAGCAAACA;0;8;0;0;0;0;0;0;0;0;7;0;0;0;0;0;0;0;0;0;0;0;0;0;0;0;0;0;0;0;0;0;6;8;5;13
Enterobacteriaceae__Enterobacter__TGGGGAATATTGCACAATGGGCGCAAGCCTGATGCAGCCATGCCGCGTGTATGAAGAAGGCCTTCGGGTTGTAAAGTACTTTCAGCGGGGAGGAAGGCGATAAGGTTAATAACCTTGTCGATTGACGTTACCCGCAGAAGAAGCACCGGCTAACTCCGTGCCAGCAGCCGCGGTAATACGGAGGGTGCAAGCGTTAATCGGAATTACTGGGCGTAAAGCGCACGCAGGCGGTCTGTCAAGTCGGATGTGAAATCCCCGGGCTCAACCTGGGAACTGCATTCGAAACTGGCAGGCTAGAGTCTTGTAGAGGGGGGTAGAATTCCAGGTGTAGCGGTGAAATGCGTAGAGATCTGGAGGAATACCGGTGGCGAAGGCGGCCCCCTGGACAAAGACTGACGCTCAGGTGCGAAAGCGTGGGGAGCAAACA;0;24;0;0;0;0;0;0;0;0;12;0;0;0;0;0;0;0;0;0;2;0;0;0;0;0;0;0;0;0;0;0;15;0;0;0
Yersiniaceae__Rahnella1__TGGGGAATATTGCACAATGGGCGCAAGCCTGATGCAGCCATGCCGCGTGTGTGAAGAAGGCCTTAGGGTTGTAAAGCACTTTCAGCGAGGAGGAAGGCATCATACTTAATACGTGTGGTGATTGACGTTACTCGCAGAAGAAGCACCGGCTAACTCCGTGCCAGCAGCCGCGGTAATACGGAGGGTGCAAGCGTTAATCGGAATTACTGGGCGTAAAGCGCACGCAGGCGGTTTGTTAAGTCAGATGTGAAATCCCCGAGCTTAACTTGGGAACTGCATTTGAAACTGGCAAGCTAGAGTCTTGTAGAGGGGGGTAGAATTCCAGGTGTAGCGGTGAAATGCGTAGAGATCTGGAGGAATACCGGTGGCGAAGGCGGCCCCCTGGACAAAGACTGACGCTCAGGTGCGAAAGCGTGGGGAGCAAACA;0;0;0;0;0;0;0;0;0;0;0;0;0;0;0;0;0;0;0;0;0;0;0;0;0;0;0;0;0;0;10;9;0;0;0;13
Acetobacteraceae__Roseomonas__TGGGGAATATTGGACAATGGGCGCAAGCCTGATCCAGCAATGCCGCGTGGGTGAAGAAGGTCTTCGGATCGTAAAGCCCTTTCGGCGGGGACGATGATGACGGTACCCGCAGAAGAAGCCCCGGCTAACTTCGTGCCAGCAGCCGCGGTAATACGAAGGGGGCTAGCGTTACTCGGAATTACTGGGCGTAAAGGGCGCGTAGGCGGCGCACCAAGTTAGGCGTGAAAGCCCTGGGCTCAACCTGGGGACTGCGCTTAAGACTGGTGTGCTTGAGGATGGAAGAGGCTCGTGGAATTCCCAGTGTAGAGGTGAAATTCGTAGATATTGGGAAGAACACCGGTGGCGAAGGCGGCGAGCTGGTCCATTACTGACGCTGAGGCGCGATAGCGTGGGGAGCAAACA;0;0;0;0;0;0;0;0;0;0;0;0;0;0;0;0;0;0;0;0;0;0;0;20;0;0;0;0;0;0;0;0;0;0;0;0
Dermacoccaceae__Kytococcus__TGGGGAATATTGCACAATGGGCGAAAGCCTGATGCAGCGACGCCGCGTGAGGGATGACGGCCTTCGGGTTGTAAACCTCTTTCAGCAGGGAAGAAGCTTTTGTGACGGTACCTGCAGAAGAAGCACCGGCTAACTACGTGCCAGCAGCCGCGGTAATACGTAGGGTGCGAGCGTTGTCCGGAATTATTGGGCGTAAAGAGCTTGTAGGCGGTTTGTCGCGTCTGCTGTGAAAATTCAGGGCTTAACCCTGGACGTGCAGTGGGTACGGGCAGACTAGAGTATGGTAGGGGAGACTGGAATTCCTGGTGTAGCGGTGGAATGCGCAGATATCAGGAGGAACACCGATGGCGAAGGCAGGTCTCTGGGCCATTACTGACGCTGAGAAGCGAAAGCATGGGGAGCGAACA;0;0;0;0;0;0;0;0;0;0;0;0;0;0;0;0;0;0;0;0;0;0;0;20;0;0;0;0;0;0;0;0;0;0;0;0
Alcaligenaceae__Alcaligenes__TGGGGAATTTTGGACAATGGGGGAAACCCTGATCCAGCCATCCCGCGTGTATGATGAAGGCCTTCGGGTTGTAAAGTACTTTTGGCAGAGAAGAAAAGGTATCCCCTAATACGGGATACTGCTGACGGTATCTGCAGAATAAGCACCGGCTAACTACGTGCCAGCAGCCGCGGTAATACGTAGGGTGCAAGCGTTAATCGGAATTACTGGGCGTAAAGCGTGTGTAGGCGGTTCGGAAAGAAAGATGTGAAATCCCAGGGCTCAACCTTGGAACTGCATTTTTAACTGCCGAGCTAGAGTATGTCAGAGGGGGGTAGAATTCCACGTGTAGCAGTGAAATGCGTAGATATGTGGAGGAATACCGATGGCGAAGGCAGCCCCCTGGGATAATACTGACGCTCAGACACGAAAGCGTGGGGAGCAAACA;0;0;0;0;0;0;0;0;0;0;0;0;0;0;0;0;0;0;0;0;0;0;0;0;0;0;0;0;0;20;0;0;0;0;0;0
Oxalobacteraceae__Massilia__TGGGGAATTTTGGACAATGGGCGCAAGCCTGATCCAGCAATGCCGCGTGAGTGAAGAAGGCCTTCGGGTTGTAAAGCTCTTTTGTCAGGGAAGAAACGGCTGTGGCTAATATCCACGGCTAATGACGGTACCTGAAGAATAAGCACCGGCTAACTACGTGCCAGCAGCCGCGGTAATACGTAGGGTGCAAGCGTTAATCGGAATTACTGGGCGTAAAGCGTGCGCAGGCGGTTTTGTAAGTCTGACGTGAAATCCCCGGGCTCAACCTGGGAATTGCGTTGGAGACTGCAAGGCTAGAATCTGGCAGAGGGGGGTAGAATTCCACGTGTAGCAGTGAAATGCGTAGAGATGTGGAGGAACACCGATGGCGAAGGCAGCCCCCTGGGTCAAGATTGACGCTCATGCACGAAAGCGTGGGGAGCAAACA;0;0;0;0;0;0;0;0;0;0;0;0;0;0;0;0;0;0;0;0;0;0;0;0;0;0;0;0;0;0;18;0;0;0;0;0
Comamonadaceae__Acidovorax__TGGGGAATTTTGGACAATGGGCGCAAGCCTGATCCAGCCATGCCGCGTGCAGGATGAAGGCCTTCGGGTTGTAAACTGCTTTTGTACGGAACGAAAAGCCTCGGGCTAATATCCTGGGGTCATGACGGTACCGTAAGAATAAGCACCGGCTAACTACGTGCCAGCAGCCGCGGTAATACGTAGGGTGCAAGCGTTAATCGGAATTACTGGGCGTAAAGCGTGCGCAGGCGGTAATGTAAGACAGATGTGAAATCCCCGGGCTCAACCTGGGAACTGCATTTGTGACTGCATTGCTGGAGTACGGCAGAGGGGGATGGAATTCCGCGTGTAGCAGTGAAATGCGTAGATATGCGGAGGAACACCGATGGCGAAGGCAATCCCCTGGGCCTGTACTGACGCTCATGCACGAAAGCGTGGGGAGCAAACA;0;0;0;0;0;0;0;0;0;0;0;0;0;0;0;0;0;0;0;0;0;0;0;13;0;0;0;0;0;0;0;0;0;0;0;0
Flavobacteriaceae__Flavobacterium__TGAGGAATATTGGACAATGGGCGCAAGCCTGATCCAGCCATGCCGCGTGCAGGATGACGGTCCTATGGATTGTAAACTGCTTTTATACGAGAAGAAACACTGCTTCGTGAAGCAGCTTGACGGTATCGTAAGAATAAGGATCGGCTAACTCCGTGCCAGCAGCCGCGGTAATACGGAGGATCCAAGCGTTATCCGGAATCATTGGGTTTAAAGGGTCCGTAGGCGGTTTAATAAGTCAGTGGTGAAAGCCCATCGCTCAACGGTGGAACGGCCATTGATACTGTTAAACTTGAATTATTAGGAAGTAACTAGAATATGTAGTGTAGCGGTGAAATGCTTAGAGATTACATGGAATACCAATTGCGAAGGCAGGTTACTACTAATGGATTGACGCTGATGGACGAAAGCGTGGGTAGCGAACA;3;0;0;0;0;0;0;0;0;0;4;0;0;0;0;0;0;0;0;0;0;0;0;0;0;0;0;0;5;0;3;6;4;3;8;6
Xanthomonadaceae__Stenotrophomonas__TGGGGAATATTGGACAATGGGCGCAAGCCTGATCCAGCCATACCGCGTGGGTGAAGAAGGCCTTCGGGTTGTAAAGCCCTTTTGTTGGGAAAGAAAAGCAGCCGGTTAATACCCGGTTGTTCTGACGGTACCCAAAGAATAAGCACCGGCTAACTTCGTGCCAGCAGCCGCGGTAATACGAAGGGTGCAAGCGTTACTCGGAATTACTGGGCGTAAAGCGTGCGTAGGTGGTTGTTTAAGTCTGTTGTGAAAGCCCTGGGCTCAACCTGGGAATTGCAGTGGATACTGGGCGACTAGAGTGTGGTAGAGGGTAGTGGAATTCCTGGTGTAGCAGTGAAATGCGTAGAGATCAGGAGGAACATCCATGGCGAAGGCAGCTACCTGGACCAACACTGACACTGAGGCACGAAAGCGTGGGGAGCAAACA;0;0;0;0;0;0;0;0;0;0;0;0;0;0;0;0;0;0;0;0;0;0;0;9;0;0;0;0;0;0;0;0;0;0;0;0
Staphylococcaceae__NA__TAGGGAATCTTCCGCAATGGGCGAAAGCCTGACGGAGCAACGCCGCGTGAGTGATGAAGGTCTTCGGATCGTAAAACTCTGTTATTAGGGAAGAACAAGTGCGTAGGTAACTATGCGCACCTTGACGGTACCTAATCAGAAAGCCACGGCTAACTACGTGCCAGCAGCCGCGGTAATACGTAGGTGGCAAGCGTTATCCGGAATTATTGGGCGTAAAGCGCGCGTAGGCGGTTTTTTAAGTCTGATGTGAAAGCCCACGGCTCAACCGTGGAGGGTCATTGGAAACTGGAAAACTTGAGTGCAGAAGAGGAAAGTGGAATTCCATGTGTAGTGGTGAAATGCGTAGAGATCTGGAGGAATACCGATGGCGAAGGCAGCCATCTGGCCTAATACTGACACTGAGGTACGAAAGCATGGGGAGCAAACA;0;0;0;0;2;2;0;0;0;3;0;0;0;0;2;0;0;6;0;2;0;0;0;0;0;0;0;0;0;0;0;0;0;0;0;12
Streptococcaceae__Streptococcus__TAGGGAATCTTCGGCAATGGACGGAAGTCTGACCGAGCAACGCCGCGTGAGTGAAGAAGGTTTTCGGATCGTAAAGCTCTGTTGTAAGAGAAGAACGAGTGTGAGAGTGGAAAGTTCACACTGTGACGGTATCTTACCAGAAAGGGACGGCTAACTACGTGCCAGCAGCCGCGGTAATACGTAGGTCCCGAGCGTTGTCCGGATTTATTGGGCGTAAAGCGAGCGCAGGCGGTTAGATAAGTCTGAAGTTAAAGGCTGTGGCTTAACCATAGTACGCTTTGGAAACTGTTTAACTTGAGTGCAAGAGGGGAGAGTGGAATTCCATGTGTAGCGGTGAAATGCGTAGATATATGGAGGAACACCGGTGGCGAAAGCGGCTCTCTGGCTTGTAACTGACGCTGAGGCTCGAAAGCGTGGGGAGCAAACA;0;0;0;0;0;0;0;0;0;0;0;0;0;0;0;0;0;0;0;0;0;0;0;17;0;0;0;0;0;0;6;0;0;0;0;0
Bryobacteraceae__Bryobacter__TGGGGAATCTTGCACAATGGGGGAAACCCTGATGCAGCGACGCCGCGTGAGCGATGAAGCCCTTCGGGGTGTAAAGCTCTTTCGACGGGAACGATAATGACGGTACCCGGAGAAGAAGCTGCGGCTAACTACGTGCCAGCAGCCGCGGTAATACGTAGGCAGCAAGCGTTGTTCGGAGTTACTGGGCGTAAAGAGTGCGTAGGCGGTGCCCTAAGTCTGTTGTGAAATCTCCCGGCTTAACTGGGAGGGTGCGGTGGAAACTGGGGTGCTTGAGTGCGGGAGAGGTTAGCGGAATTCCTGGTGTAGCGGTGAAATGCGTAGATATCAGGAGGAACACCGGTGGTGTAGACGGCTGACTGGACCGCGACTGACGCTGAGGCACGAAAGCGTGGGTAGCAAACA;0;0;0;0;0;0;0;0;0;0;0;0;0;0;0;0;0;0;0;0;0;0;0;10;0;0;0;0;0;0;0;0;0;0;0;0
Bacillaceae__Anaerobacillus__TAGGGAATCTTCCGCAATGGACGAAAGTCTGACGGAGCAACGCCGCGTGAACGATGAAGGCCTTCGGGTCGTAAAGTTCTGTTGTTAGGGAAGAACAAGTACCGTTCAAATAGGGCGGTACCTTGACGGTACCTAACCAGAAAGCCACGGCTAACTACGTGCCAGCAGCCGCGGTAATACGTAGGTGGCAAGCGTTGTCCGGAATTATTGGGCGTAAAGCGCGCGCAGGCGGTCTCTTAAGTCTGATGTGAAATCTCGCGGCTCAACCGCGAGCGGCCATTGGAAACTGGGAGGCTTGAGTGCAGAAGAGGAGAGTGGAATTCCATGTGTAGCGGTGAAATGCGTAGATATATGGAGGAACACCAGTGGCGAAGGCGACTCTCTGGTCTGTAACTGACGCTGAGGCGCGAAAGCGTGGGGAGCAAACA;0;0;0;0;0;0;0;0;0;0;0;0;0;0;0;0;0;0;0;0;0;0;0;10;0;0;0;0;0;0;0;0;0;0;0;0
Erysipelotrichaceae__Erysipelothrix__TAGGGAATTTTCGGCAATGGGGGAAACCCTGACCGAGCAACGCCGCGTGAGTGAAGAAGGCCTTCGGGTTGTAAAGCTCTGTTGTAAGGGAAGAACGATAGTTAGAGGGAATGCTAGCTATATGACGGTACCTTACCAGAAAGCCACGGCTAACTACGTGCCAGCAGCCGCGGTAATACGTAGGTGGCAAGCGTTATCCGGAATTATTGGGCGTAAAGGGAGCGCAGGCGGTTTATTAAGTTTATGGTGAAAGTTCGGGGCTCAACCCCGTGATGCCATAGAAACTGGTAGACTTGAGTACAGGAGAGGTTAGTGGAATTCCATGTGTAGCGGTAAAATGCGTAGATATATGGAGGAACACCAGTGGCGAAGGCGGCTAACTGGCCTGTAACTGACGCTGAGGCTCGAAAGCGTGGGGAGCAAATA;0;0;0;0;0;0;0;0;0;0;0;0;0;0;0;0;0;0;0;0;0;0;0;5;0;0;0;0;0;0;0;0;0;0;0;0
Clostridiaceae__Clostridium.sensu.stricto.1__TGGGGAATATTGCACAATGGGGGAAACCCTGATGCAGCAACGCCGCGTGAGTGATGAAGGTTTTCGGATCGTAAAGCTCTGTCTTTGGGGAAGATAATGACGGTACCCAAGGAGGAAGCCACGGCTAACTACGTGCCAGCAGCCGCGGTAATACGTAGGTGGCGAGCGTTATCCGGATTTACTGGGCGTAAAGGGAGCGTAGGCGGATGATTAAGTGGGATGTGAAATACCCGGGCTCAACTTGGGTGCTGCATTCCAAACTGGTTATCTAGAGTGCAGGAGAGGAGAGTGGAATTCCTAGTGTAGCGGTGAAATGCGTAGAGATTAGGAAGAACACCAGTGGCGAAGGCGACTCTCTGGACTGTAACTGACGCTGAGGCTCGAAAGCGTGGGGAGCAAACA;0;0;0;0;0;0;0;0;0;0;0;0;0;0;0;0;0;0;0;0;0;0;0;0;2;0;0;0;0;3;5;0;3;0;0;0
Caulobacteraceae__Brevundimonas__GGGGAATCTTGCGCAATGGGCGAAAGCCTGACGCAGCCATGCCGCGTGAATGATGAAGGTCTTAGGATTGTAAAATTCTTTCACCGGGGACGATAATGACGGTACCCGGAGAAGAAGCCCCGGCTAACTTCGTGCCAGCAGCCGCGGTAATACGAAGGGGGCTAGCGTTGCTCGGAATTACTGGGCGTAAAGGGCGCGTAGGCGGACATTTAAGTCAGGGGTGAAATCCCAGAGCTCAACTCTGGAACTGCCTTTGATACTGGGTGTCTTGAGTGTGAGAGAGGTATGTGGAACTCCGAGTGTAGAGGTGAAATTCGTAGATATTCGGAAGAACACCAGTGGCGAAGGCGACATACTGGCTCATTACTGACGCTGAGGCGCGAAAGCGTGGGGAGCAAACA;0;0;0;0;0;0;3;0;0;0;2;0;0;0;0;0;0;0;0;0;0;0;0;0;0;0;0;0;0;2;10;0;0;0;0;0
Shewanellaceae__Shewanella__TGGGGAATATTGCACAATGGGGGAAACCCTGATGCAGCCATGCCGCGTGTGTGAAGAAGGCCTTCGGGTTGTAAAGCACTTTCAGTAGGGAGGAAAGGGTGTAACTTAATACGTTATATCTGTGACGTTACCTACAGAAGAAGGACCGGCTAACTCCGTGCCAGCAGCCGCGGTAATACGGAGGGTCCGAGCGTTAATCGGAATTACTGGGCGTAAAGCGTGCGCAGGCGGTTTGTTAAGCGAGATGTGAAAGCCCTGGGCTCAACCTAGGAATAGCATTTCGAACTGGCGAACTAGAGTCTTGTAGAGGGGGGTAGAATTCCAGGTGTAGCGGTGAAATGCGTAGAGATCTGGAGGAATACCGGTGGCGAAGGCGGCCCCCTGGACAAAGACTGACGCTCATGCACGAAAGCGTGGGGAGCAAACA;0;0;0;0;0;0;0;0;0;0;0;0;0;0;0;0;0;0;3;0;0;0;0;0;0;0;0;0;0;0;10;0;0;0;10;3
Halomonadaceae__Halomonas__TGGGGAATATTGGACAATGGGCGCAAGCCTGATCCAGCCATGCCGCGTGTGTGAAGAAGGCCCTCGGGTTGTAAAGCACTTTCAGTGGGGAAGAAAGCCTTCCGGTTAATACCCGGGAGGAAGGACATCACCCACAGAAGAAGCACCGGCTAACTCCGTGCCAGCAGCCGCGGTAATACGGAGGGTGCGAGCGTTAATCGGAATTACTGGGCGTAAAGCGCGCGTAGGTGGCTTGATAAGCCGGTTGTGAAAGCCCCGGGCTCAACCTGGGAACGGCATCCGGAACTGTCAGGCTAGAGTGCAGGAGAGGAAGGTAGAATTCCCGGTGTAGCGGTGAAATGCGTAGAGATCGGGAGGAATACCAGTGGCGAAGGCGGCCTTCTGGACTGACACTGACACTGAGGTGCGAAAGCGTGGGTAGCAAACA;0;0;0;0;0;0;0;0;0;0;0;0;0;0;0;0;0;0;0;0;0;0;0;8;0;0;0;0;0;0;0;0;0;0;0;0
Aerococcaceae__Abiotrophia__TAGGGAATCTTCCGCAATGGACGCAAGTCTGACGGAGCAACGCCGCGTGAGTGAAGAAGGTCTTCGGATCGTAAAGCTCTGTTGTTAGAGAAGAACAGCGCATAGAGTAACTGTTATGCGTGTGACGGTATCTAACCAGAAAGCCACGGCTAACTACGTGCCAGCAGCCGCGGTAATACGTAGGTGGCGAGCGTTGTCCGGATTTATTGGGCGTAAAGGGAGTGTAGGCGGTCTTTTAAGTCTGATGTGAAAGCCCACGGCTCAACCGTGGAGGGTCATTGGAAACTGGGAGACTTGAGTGCAGAAGAGGAGAGCGGAATTCCATGTGTAGCGGTGAAATGCGTAGATATATGGAGGAACACCAGTGGCGAAGGCGGCTCTCTGGTCTGTAACTGACGCTGAGGCTCGAAAGCGTGGGGAGCAAACA;0;0;0;0;0;0;0;0;0;0;0;0;0;0;0;0;0;0;0;0;0;0;0;8;0;0;0;0;0;0;0;0;0;0;0;0
Beijerinckiaceae__Methylobacterium.Methylorubrum__TGGGGAATATTGGACAATGGGCGCAAGCCTGATCCAGCCATGCCGCGTGAGTGATGAAGGCCTTAGGGTTGTAAAGCTCTTTTGTCCGGGACGATAATGACGGTACCGGAAGAATAAGCCCCGGCTAACTTCGTGCCAGCAGCCGCGGTAATACGAAGGGGGCTAGCGTTGCTCGGAATCACTGGGCGTAAAGGGCGCGTAGGCGGCCATTCAAGTCGGGGGTGAAAGCCTGTGGCTCAACCACAGAATTGCCTTCGATACTGTTTGGCTTGAGTTTGGTAGAGGTTGGTGGAACTGCGAGTGTAGAGGTGAAATTCGTAGATATTCGCAAGAACACCAGTGGCGAAGGCGGCCAACTGGACCAATACTGACGCTGAGGCGCGAAAGCGTGGGGAGCAAACA;0;0;0;0;0;0;0;0;0;0;0;0;0;0;0;0;0;0;0;0;0;0;0;6;0;0;0;0;0;0;0;0;0;0;0;0
Burkholderiaceae__Burkholderia.Caballeronia.Paraburkholderia__TGGGGAATTTTGGACAATGGGCGAAAGCCTGATCCAGCAATGCCGCGTGTGTGAAGAAGGCCTTCGGGTTGTAAAGCACTTTTGTCCGGAAAGAAATCCTGAGGGCTAATATCCTTCGGGGATGACGGTACCGGAAGAATAAGCACCGGCTAACTACGTGCCAGCAGCCGCGGTAATACGTAGGGTGCGAGCGTTAATCGGAATTACTGGGCGTAAAGCGTGCGCAGGCGGTTTGTTAAGACCGATGTGAAATCCCCGGGCTCAACCTGGGAACTGCATTGGTGACTGGCAAGCTAGAGTATGGCAGAGGGGGGTAGAATTCCACGTGTAGCAGTGAAATGCGTAGAGATGTGGAGGAATACCGATGGCGAAGGCAGCCCCCTGGGCCAATACTGACGCTCATGCACGAAAGCGTGGGGAGCAAACA;0;0;0;0;0;0;0;0;0;0;0;0;0;0;0;0;0;0;0;0;0;0;0;0;0;0;0;0;0;0;0;0;0;0;0;6
Lactobacillaceae__Agrilactobacillus__TGGGGAATCTTGGACAATGGGCGAAAGCCCGATCCAGCAATATCGCGTGAGTGAAGAAGGGCAATGCCGCTTGTAAAGCTCTTTCGTCGAGTGCGCGATCATGACAGGACTCGAGGAAGAAGCCCCGGCTAACTCCGTGGCAGCAGCCGCGGTAATACGTAGGTGGCAAGCGTTATCCGGATTTATTGGGCGTAAAGCGAGCGCAGGCGGTCTTTTAAGTCTAATGTGAAAGCCTTCGGCTCAACCGAAGAAGTGCATTGGAAACTGGGAGACTTGAGTGCAGAAGAGGACAGTGGAACTCCATGTGTAGCGGTGAAATGCGTAGATATATGGAAGAACACCAGTGGCGAAGGCGGCTGTCTGGTCTGTAACTGACGCTGAGGCTCGAAAGCATGGGTAGCGAACA;0;0;0;0;0;0;2;0;0;0;0;3;0;0;10;0;0;0;0;0;0;0;0;0;2;0;2;0;2;0;0;0;0;0;0;0
Fusobacteriaceae__Fusobacterium__TGGGGAATATTGGACAATGGACCACAAGTCTGATCCAGCAATTCTGTGTGCACGATGACGTTTTTCGGAATGTAAAGTGCTTTCAGTCGGGAAGAAGTCAGTGACGGTACCGACAGAAGAAGCGACGGCTAAATACGTGCCAGCAGCCGCGGTAATACGTATGTCGCAAGCGTTATCCGGATTTATTGGGCGTAAAGCGCGTCTAGGCGGCAAGGAAAGTCTGATGTGAAAATGCGGAGCTCAACTCCGTATGGCGTTGGAAACTGCCTTACTAGAGTACTGGAGAGGTAGGCGGAACTACAAGTGTAGAGGTGAAATTCGTAGATATTTGTAGGAATGCCGATGGGGAAGCCAGCCTACTGGACAGATACTGACGCTAAAGCGCGAAAGCGTGGGTAGCAAACA;0;0;0;0;0;0;0;0;0;0;0;0;0;0;0;0;0;0;0;0;0;5;0;0;0;0;0;0;0;0;0;0;0;0;0;0
Nocardiaceae__Rhodococcus__TGGGGAATATTGCACAATGGGCGCAAGCCTGATGCAGCGACGCCGCGTGAGGGATGACGGCCTTCGGGTTGTAAACCTCTTTCAGCAGGGACGAAGCGTGAGTGACGGTACCTGCAGAAGAAGCACCGGCCAACTACGTGCCAGCAGCCGCGGTAATACGTAGGGTGCAAGCGTTGTCCGGAATTACTGGGCGTAAAGAGCTCGTAGGCGGTTTGTCGCGTCGTCTGTGAAAACCAGCAGCTCAACTGTTGGCTTGCAGGCGATACGGGCAGACTTGAGTATTTCAGGGGAGACTGGAATTCCTGGTGTAGCGGTGAAATGCGCAGATATCAGGAGGAACACCGGTGGCGAAGGCGGGTCTCTGGGAAATAACTGACGCTGAGGAGCGAAAGCGTGGGTAGCGAACA;0;0;0;0;0;0;0;0;0;0;0;0;0;0;0;0;0;0;0;0;0;0;0;5;0;0;0;0;0;3;0;0;0;0;0;0
Sphingomonadaceae__Sphingobium__TAGGGAATATTGGACAATGGGGGCAACCCTGATCCAGCAATGCCGCGTGAGTGATGAAGGCCTTAGGGTTGTAAAGCTCTTTTACCCGAGATGATAATGACAGTATCGGGAGAATAAGCTCCGGCTAACTCCGTGCCAGCAGCCGCGGTAATACGGAGGGAGCTAGCGTTGTTCGGAATTACTGGGCGTAAAGCGCACGTAGGCGGCGATTTAAGTCAGAGGTGAAAGCCCGGGGCTCAACCCCGGAACTGCCTTTGAGACTGGATTGCTTGAATCCTGGAGAGGTGAGTGGAATTCCGAGTGTAGAGGTGAAATTCGTAGATATTCGGAAGAACACCAGTGGCGAAGGCGGCTCACTGGACAGGTATTGACGCTGAGGTGCGAAAGCGTGGGGAGCAAACA;0;0;0;0;0;0;0;0;0;0;4;0;0;0;0;0;0;0;0;0;0;0;0;0;0;0;0;0;0;0;0;0;0;0;0;0
Weeksellaceae__Chryseobacterium__TGAGGAATATTGGACAATGGGTGAGAGCCTGATCCAGCCATCCCGCGTGAAGGACTAAGGCCCTATGGGTTGTAAACTTCTTTTATACTGGGATAAACCTACTTACGTGTAAGTAGCTGAAGGTACAGTATGAATAAGCACCGGCTAACTCCGTGCCAGCAGCCGCGGTAATACGGAGGGTGCAAGCGTTATCCGGATTTATTGGGTTTAAAGGGTCCGTAGGCGGATCTGTAAGTCAGTGGTGAAATCTCATAGCTTAACTATGAAACTGCCATTGATACTGCAGGTCTTGAGTGAGATTGAGGTAGCTGGAATAAGTAGTGTAGCGGTGAAATGCATAGATATTACTTAGAACACCAATTGCGAAGGCAGGTTACCAAGTCTTAACTGACGCTGATGGACGAAAGCGTGGGGAGCGAACA;0;0;0;0;0;0;0;0;0;0;0;0;0;0;0;0;0;2;0;0;0;0;2;0;0;0;0;0;2;3;0;0;0;0;0;4
Carnobacteriaceae__Granulicatella__TAGGGAATCTTCCGCAATGGACGCAAGTCTGACGGAGCAACGCCGCGTGAGTGAAGAAGGATTTCGGTTCGTAAAACTCTGTTGTTAGAGAAGAACAGCGCATAGAGTAACTGATATGCGTGTGACGGTATCTAACCAGAAAGCCACGGCTAACTACGTGCCAGCAGCCGCGGTAATACGTAGGTGGCAAGCGTTGTCCGGATTTATTGGGCGTAAAGCGAGCGCAGGCGGTCAATTAAGTCTGATGTGAAAGCCCCCGGCTCAACCGGGGAGGGTCATTGGAAACTGGTTGACTTGAGTGCAGAAGAGGAGAGTGGAATTCCATGTGTAGCGGTGAAATGCGTAGATATATGGAGGAACACCAGTGGCGAAGGCGACTCTCTGGTCTGTAACTGACGCTGAGGCTCGAAAGCGTGGGTAGCAAACA;0;0;0;0;0;0;0;0;0;0;0;0;0;0;0;0;0;0;0;0;0;0;0;4;0;0;0;0;0;0;0;0;0;0;0;0
Aerococcaceae__Aerococcus__TAGGGAATCTTCCGCAATGGGCGAAAGCCTGACGGAGCAATGCCGCGTGAGTGAAGAAGGCCTTCGGGTCGTAAAACTCTGTTATAAGAGAAGAACAAATTGTAGAGTAACTGCTACAGTCTTGACGGTATCTTATCAGAAAGCCACGGCTAACTACGTGCCAGCAGCCGCGGTAATACGTAGGTGGCAAGCGTTGTCCGGATTTATTGGGCGTAAAGGGAGCGCAGGTGGTTTCTTAAGTCTGATGTGAAAGCCCACGGCTTAACCGTGGAGGGTCATTGGAAACTGGGAAACTTGAGTACAGAAGAGGAATGTGGAACTCCATGTGTAGCGGTGGAATGCGTAGATATATGGAAGAACACCAGTGGCGAAGGCGACATTCTGGTCTGTTACTGACACTGAGGCTCGAAAGCGTGGGGAGCAAACA;0;0;0;0;0;0;0;0;0;0;0;0;0;0;0;0;0;0;0;0;0;0;0;4;0;0;0;0;0;0;0;0;0;0;0;0
Porphyromonadaceae__Porphyromonas__TGAGGAATATTGGTCAATGGGCGAGAGCCTGAACCAGCCAAGTCGCGTGAAGGAAGACGGTTCTATGGATTGTAAACTTCTTTTGTAGAGGAATAATGGCGGTTACGCGTAACCGAGATGCAAGTACTCTACGAATAAGCATCGGCTAACTCCGTGCCAGCAGCCGCGGTAATACGGAGGATGCGAGCGTTATCCGGACTTATTGGGTTTAAAGGGTGCGTAGGTGGCTTGTTAAGTCAGTGGTGAAAAGCTGCAGCTCAACTGTAGTCTTGCCGTTGAAACTGACGGGCTAGAGAGGAAACGAGGTATGCGGAATGTGTGGTGTAGCGGTGAAATGCATAGATATCACACAGAACGCCGATTGCGAAGGCAGCGTACCAGGCTCTATCTGACACTGAAGCACGAAAGCGTGGGGATCAAACA;0;0;0;0;0;0;0;0;0;0;0;0;0;0;0;0;0;0;0;0;0;0;0;0;2;0;0;0;0;0;4;2;0;0;0;0
Bacteroidaceae__Bacteroides__TGAGGAATATTGGTCAATGGACGGAAGTCTGAACCAGCCAAGTAGCGTGAAGGATGACTGCCCTCTGGGTTGTAAACTTCTTTTATACGGGAATAACATGAGGTACGCGTACCTTATTGCATGTACCGTTATGAATAAGCATCGGCTAACTCCGTGCCAGCAGCCGCGGTAATACGGAGGATGCGAGCGTTATCCGGATTTATTGGGTTTAAAGGGAGCGTAGGTGGGATATTAAGTCAGCTGTGAAAGTTTGGGGCTCAACCTTAAAATTGCAGTTGATACTGGTTTCCTTGAGTACGGTACAGGTGGGCGGAATTCGTGGTGTAGCGGTGAAATGCTTAGATATCACGAAGAACTCCGATCGCGAAGGCAGCTCACCGGGCCGGAACTGACACTGATGCTCGAAAGTGCGGGTATCAAACA;0;3;0;0;0;0;0;0;0;0;0;0;0;0;0;0;0;0;0;0;0;0;0;0;0;0;0;0;0;0;0;0;0;0;0;0
NA__NA__TGACATATGGAGGTTCCCAGGCTAAAGGTCAAATCAGAGCGGCAGCTGCCGGCCTACACCACAGCCACAGCAACACTGGATCCGAGACACATGTGTGACCTCAGCTACAGCTCACGGCAACGCTGGATCCTTAGCCCACTGAGTGAGGCCAGGGATCGAACCTGCATCCTCATGGATACTAGCCAAGTTCTAAACCCGCTGAGCCACAACAGGAACTCCCTAGCTTTGAGAATGTTGAGAGAATGAATGTCTGTTGCCAGGTTTGGGTGCTTTGTTACGGCGGCTCGCAGGAATGGGTACACCAGCAATGCCCAGCTTTTGGCTGGATGTTGCAGACCCAGAGGCCGCTCCG;0;0;0;0;0;0;0;0;0;3;0;0;0;0;0;0;0;0;0;0;0;0;0;0;0;0;0;0;0;0;0;0;0;0;0;0
Sphingobacteriaceae__Sphingobacterium__TAAGGAATATTGGTCAATGGAGGGAACTCTGAACCAGCCATGCCGCGTGCAGGATGACTGCCCTATGGGTTGTAAACTGCTTTTGTCAGGGAATAAACCTTTCCACGTGTGGGAAGCTGAATGTACCTGAAGAATAAGGATCGGCTAACTCCGTGCCAGCAGCCGCGGTAATACGGAGGATCCAAGCGTTATCCGGATTTATTGGGTTTAAAGGGTGCGTAGGCGGTCCTATAAGTCAGTGGTGAAAGACGGCAGCTTAACTGTCGCAGTGCCTTTGATACTGTAGGACTTGAATCTATTTGAAGTGGGCGGAATAAGACAAGTAGCGGTGAAATGCATAGATATGTCTTAGAACTCCGATTGCGAAGGCAGCTCACTAAGTTAGTATTGACGCTGATGCACGAAAGCGTGGGGATCAAAC;0;0;0;0;0;0;0;0;0;0;0;0;0;0;0;0;0;0;0;0;0;0;0;0;0;0;0;0;0;0;0;3;0;0;0;0
Moraxellaceae__Enhydrobacter__TGGGGAATATTGGACAATGGGGGCAACCCTGATCCAGCCATGCCGCGTGTGTGAAGAAGGCCTTTTGGTTGTAAAGCACTTTAAGCAGGGAGGAGAGGCTAATGGTTAATACCCATTAGATTAGACGTTACCTGCAGAATAAGCACCGGCTAACTCTGTGCCAGCAGCCGCGGTAATACAGAGGGTGCGAGCGTTAATCGGAATTACTGGGCGTAAAGCGAGTGTAGGTGGCTCATTAAGTCACATGTGAAATCCCCGGGCTTAACCTGGGAACTGCATGTGATACTGGTGGTGCTAGAATATGTGAGAGGGAAGTAGAATTCCAGGTGTAGCGGTGAAATGCGTAGAGATCTGGAGGAATACCGATGGCGAAGGCAGCTTCCTGGCATAATATTGACACTGAGATTCGAAAGCGTGGGTAGCAAACA;0;0;0;0;0;0;0;0;0;0;0;0;0;0;0;0;0;0;0;0;0;0;0;0;0;0;0;0;0;0;0;0;0;0;0;3
Lactobacillaceae__Limosilactobacillus__TAGGGAATCTTCCACAATGGGCGCAAGCCTGATGGAGCAACACCGCGTGAGTGAAGAAGGGTTTCGGCTCGTAAAGCTCTGTTGTTAAAGAAGAACACGTATGAGAGTAACTGTTCATACGTTGACGGTATTTAACCAGAAAGTCACGGCTAACTACGTGCCAGCAGCCGCGGTAATACGTAGGTGGCAAGCGTTATCCGGATTTATTGGGCGTAAAGAGAGTGCAGGCGGTTTTCTAAGTCTGATGTGAAAGCCTTCGGCTTAACCGGAGAAGTGCATCGGAAACTGGATAACTTGAGTGCAGAAGAGGGTAGTGGAACTCCATGTGTAGCGGTGGAATGCGTAGATATATGGAAGAACACCAGTGGCGAAGGCGGCTACCTGGTCTGCAACTGACGCTGAGACTCGAAAGCATGGGTAGCGAACA;2;0;0;0;0;0;0;0;0;0;0;0;0;0;0;0;0;0;0;0;0;0;0;0;0;0;0;0;0;0;0;0;0;0;0;3
Lactobacillaceae__NA__TAGGGAATCTTCCACAATGGACGCAAGTCTGATGGAGCAACGCCGCGTGAGTGAAGAAGGGTTTCGGCTCGTAAAGCTCTGTTGTTAAAGAAGAACGTGGGTGAGAGTAACTGTTCACCCAGTGACGGTATTTAACCAGAAAGCCACGGCTAACTACGTGCCAGCAGCCGCGGTAATACGTAGGTGGCAAGCGTTATCCGGATTTATTGGGCGTAAAGCGAGCGCAGGCGGTCTTTTAAGTCTAATGTGAAAGCCTTCGGCTCAACCGTGGAGGGTCATTGGAAACTGGGAAACTTGAGTGCAGAAGAGGAAAGTGGAATTCCATGTGTAGAGGTGAAATTCGTAGATATTCGCAAGAACACCAGTGGCGAAGGCGGCTTACTGGTCCGGTACTGACGCTGAGGTGCGAAAGCGTGGGGAGCAAACA;0;0;0;0;0;0;2;2;0;0;0;0;0;0;0;0;0;0;0;0;0;0;0;0;0;0;0;0;0;0;0;0;0;0;0;0
Rhizobiaceae__Ochrobactrum__TGGGGAATATTGGACAATGGGCGCAAGCCTGATCCAGCCATGCCGCGTGAGTGATGAAGGTCTTAGGATTGTAAAGCTCTTTCACCGGTGAAGATAATGACGGTAACCGGAGAAGAAGCCCCGGCTAACTTCGTGCCAGCAGCCGCGGTAATACGAAGGGGGCTAGCGTTGTTCGGATTTACTGGGCGTAAAGCGCACGTAGGCGGACTTTTAAGTCAGGGGTGAAATCCCGGGGCTCAACCCCGGAACTGCCTTTGATACTGGAAGTCTTGAGTATGGTAGAGGTGAGTGGAATTCCGAGTGTAGAGGTGAAATTCGTAGATATTCGGAGGAACACCAGTGGCGAAGGCGGCTCACTGGACCATTACTGACGCTGAGGTGCGAAAGCGTGGGGAGCAAACA;0;0;0;0;0;0;0;0;0;0;2;0;0;0;0;0;0;0;0;0;0;0;0;0;0;0;0;0;0;0;0;0;0;0;0;0
NA__NA__TGGGAGCAACCTGCCACTAACAGGAAAATGAGAGAAGATGTGTTTCCAGGGTCAGGTGGTTACAGTTCCTTGTCACAAAAATTTTCTGTAGTCTGAGATCATACATACATTAAAAATTCTTTATAAGAAATCATGGAGGTAACAAATGATCATTTCTCCTCGCTAAAGTCTCTAACATCAAAATTGGTAACAAATGCTTATTTCTCTCAGCTAAAGTCTCTAAGGTCAAAAGAGCTGGCAACCCTTCAAATCTGTTTGGAAAGTTCATCAAACTTAAAGTTCTGAGAGGAGTTCCCATCGTGGCGCAGCAGAAACAAATCTGACTAGGAACCATGAGGTTGTGGGTTTGATCCCTGGCCTCGCTCAGTGGGTTAAGGACCCGGTGTTGCCATGAGCTGTGGTGTAGGTCGCAGACGTGGCTCGTATCAGGTGTTGCTGTGGCTGTGGTGTAGGCTGGCAGCTACAGCTC;0;0;0;0;0;0;0;0;0;0;2;0;0;0;0;0;0;0;0;0;0;0;0;0;0;0;0;0;0;0;0;0;0;0;0;0
NA__NA__TGGGGAATCTTGCACAATGGACGAAAGTCTGATGCAGCAATTTCGCGTGAAGGATGAAGCATTACGGTGTGTAAACTTCTTTTTTGGAGGAAGACGAATGACGGTACTTCAAGAATAAGAGACGGCTAACTACGTGCCAGCAGCCGCGGTAATACGTAGGTCTCAAGCGTTATCCGGATTTACTGGGCGTAAAGTGTCCGTAGTCTGAATTGTAAGTCTGTTTTCAAAGACCACGACTCAATCGTGGGAAGGGAGTGGATACTGCAATTCTGGAAGTATCTGGGGGTTAGTGGAATTTCCGGTGGAGCGGTGAAATGCGTTGATATCGGAAGGAACGCCGAAAGCGAAAGCAGCTAACTACAGAATACTTGACGATGAGGGACGACAGTTTGGGTAGCAAACA;0;0;0;0;0;0;0;0;0;0;2;0;0;0;0;0;0;0;0;0;0;0;0;0;0;0;0;0;0;0;0;0;0;0;0;0
NA__NA__TGGGGAATATTGGACAATGGGCGAAAGCCTGATCCAGCCATGCCGCGTGTGTGAAGAAGGTCTTCGGATTGTAAAGCACTTTAAGTTGGGAGGAAGGGCAGTTACCTAATACGTATCTGTTTTGACGTTACCGACAGAATAAGCACCGGCTAACTCTGTGCCAGCAGCCGCGGTAATACAGAGGGTGCAAGCGTTATCCGGATTTATTGGGCGTAAAGCGAGCGCAGGCGGTTTCTTAAGTCTGATGTGAAAGCCTTCGGCTCAACCGAAGAAGTGCATCGGAAACTGGGAAACTTGAGTGCAGAAGAGGAAAGTGGAATTCCATGTGTAGCGGTGAAATGCGCAGAGATATGGAGGAACACCAGTGGCGAAGGCGACTTTCTGGTCTGCAACTGACGCTGATGTGCGAAAGCGTGGGGATCAAACA;0;0;0;0;0;0;0;0;0;0;0;0;0;0;2;0;0;0;0;0;0;0;0;0;0;0;0;0;0;0;0;0;0;0;0;0
Acetobacteraceae__Acetobacter__TGGGGAATATTGGACAATGGGGGCAACCCTGATCCAGCAATGCCGCGTGTGTGAAGAAGGTCTTCGGATTGTAAAGCACTTTCGACGGGGACGATGATGACGGTACCCGTAGAAGAAGCCCCGGCTAACTTCGTGCCAGCAGCCGCGGTAATACGAAGGGGGCTAGCGTTGCTCGGAATGACTGGGCGTAAAGGGCGTGTAGGCGGTTTGTACAGTCAGATGTGAAATCCCCGGGCTTAACCTGGGAGCTGCATTTGATACGTGCAGACTAGAGTGTGAGAGAGGGTTGTGGAATTCCCAGTGTAGAGGTGAAATTCGTAGATATTGGGAAGAACACCGGTGGCGAAGGCGGCAACCTGGCTCATTACTGACGCTGAGGCGCGAAAGCGTGGGGAGCAAACA;0;0;0;0;0;0;0;0;0;0;0;0;0;0;0;2;0;0;0;0;0;0;0;0;0;0;0;0;0;0;0;0;0;0;0;0
Lactobacillaceae__Companilactobacillus__TAGGGAATCTTCCACAATGGGCGAAAGCCTGATGGAGCAATGCCGCGTGAGTGAAGAAGGTTTTCGGATCGTAAAACTCTGTTGTTGAAGAAGAACATGCGTGAGAGTAACTGTTCACGTACTGACGGTATTCAACCAGAAAGCCACGGCTAACTACGTGCCAGCAGCCGCGGTAATACGTAGGTGGCAAGCGTTGTCCGGATTTATTGGGCGTAAAGAGAATGTAGGCGGTTTATTAAGTTTGAAGTGAAAGCCCTCGGCTCAACCGAGGAAGTGCTTCGAAAACTGGTAAACTTGAGTGCAGAAGAGGAAAGTGGAACTCCATGTGTAGCGGTGGAATGCGTAGATATATGGAAGAACACCAGTAGCGAAGGCGGCTTTCTGGTCTGTAACTGACGCTGAGATTCGAAAGCATGGGTAGCAAACA;0;0;0;0;0;0;0;0;0;0;0;0;0;0;0;0;2;0;0;0;0;0;0;0;0;0;0;0;0;0;0;0;0;0;0;0
Prevotellaceae__Prevotella__TGAGGAATATTGGTCAATGGGCGGGAGCCTGAACCAGCCAAGTAGCGTGCAGGATGACGGCCCTATGGGTTGTAAACTGCTTTTATGCGGGGATAAAGTGCGCCACGTGTGGCGTTTTGTAGGTACCGCATGAATAAGGACCGGCTAATTCCGTGCCAGCAGCCGCGGTAATACGGAAGGTCCGGGCGTTATCCGGATTTATTGGGTTTAAAGGGAGCGCAGGCGGAGGCTTAAGCGTGACGTGAAATGTAGCCGCTCAACGGCTGAGTTGCGTCGCGAACTGGGTTTCTTGAGTGAGTGCGACGTCAGCGGAATTCGTGGTGTAGCGGTGAAATGCTTAGATATCACGAAGAACCCCGATTGCGAAGGCAGCTGACGAGCCCTTTACTGACGCTAAAGCTCGAAGGTGCGGGTATCGAACA;0;0;0;0;0;0;0;0;0;0;0;0;0;0;0;0;0;0;0;0;2;0;0;0;0;0;0;0;0;0;0;0;0;0;0;0
Unknown.Family__Acidibacter__TGGGGAATATTGGACAATGGGGGAAACCCTGATCCAGCGACGCCGCGTGTGTGAAGAAGGCCTGCGGGTTGTAAAGCACTTTTAGTGGGGATGAAATGTGCAGGGCTAACACCTCTGCATTTTGACCTAACCCACAGAAAAAGCACCGGCTAACTCTGTGCCAGCAGCCGCGGTAATACAGAGGGTGCAAGCGTTAATCGGAATTACTGGGCGTAAAGCGTGCGTAGACGGTTACATAAGTCGGGTGTGAAAGCCCCGGGCTCAACCTGGGAATTGCATTCGAGACTGCGTAGCTAGGGTGCGGAAGAGGGAAGCGGAATTTCCGGTGTAGCGGTGAAATGCGTAGATATCGGAAGGAACACCAGTGGCGAAAGCGGCTTCCTGGTCCAGCACCGACGTTCAGGCACGAAAGCGTGGGTAGCAAACA;0;0;0;0;0;0;0;0;0;0;0;0;0;0;0;0;0;0;0;0;0;2;0;0;0;0;0;0;0;0;0;0;0;0;0;0
Aeromonadaceae__Aeromonas__TGGGGAATATTGCACAATGGGGGAAACCCTGATGCAGCCATGCCGCGTGTGTGAAGAAGGCCTTCGGGTTGTAAAGCACTTTCAGCGAGGAGGAAAGGTTGGCGCCTAATACGTGTCAACTGTGACGTTACTCGCAGAAGAAGCACCGGCTAACTCCGTGCCAGCAGCCGCGGTAATACGGAGGGTGCAAGCGTTAATCGGAATTACTGGGCGTAAAGCGCACGCAGGCGGTTGGATAAGTTAGATGTGAAAGCCCCGGGCTCAACCTGGGAATTGCATTTAAAACTGTCCAGCTAGAGTCTTGTAGAGGGGGGTAGAATTCCAGGTGTAGCGGTGAAATGCGTAGAGATCTGGAGGAATACCGGTGGCGAAGGCGGCCCCCTGGACAAAGACTGACGCTCAGGTGCGAAAGCGTGGGGAGCAAACA;0;0;0;0;0;0;0;0;0;0;0;0;0;0;0;0;0;0;0;0;0;2;0;0;0;0;0;0;0;0;0;0;0;0;0;0
Halomonadaceae__Carnimonas__TGGGGAATATTGGACAATGGGGGCAACCCTGATCCAGCCATGCCGCGTGTGTGAAGAAGGCTTTCGGGTTGTAAAGCACTTTCAGCGAGGAGGAAGTCGTGGAGATTAATACTTTCCACGAAGGACGTTACTCGCAGAAGAAGCACCGGCTAACTCCGTGCCAGCAGCCGCGGTAATACGGAGGGTGCAAGCGTTAATCGGAATTACTGGGCGTAAAGGGCGCGTAGGCGGTCTGTTAAGCCAGATGTGAAAGCCCCGGGCTCAACCTGGGAACAGCATTTGGAACTGGCGGACTTGAGTGCAGGAGAGGAAGGTAGAACTCCCGGTGTAGCGGTGAAATGCGTAGAGATCGGGAAGAATACCAGTGGCGAAGGCGGCCTTCTGGACTGACACTGACGCTGAGGCGCGAAAGCGTGGGTAGCAAACA;0;0;0;0;0;0;0;0;0;0;0;0;0;0;0;0;0;0;0;0;0;0;0;0;0;0;0;0;0;2;0;0;0;0;0;0
Actinomycetaceae__Trueperella__TGGGGAATATTGCACAATGGACGCAAGTCTGATGCAGCGACGCCGCGTGGGGGATGAAGGCTTTCGGGTTGTAAACTCCTTTCAGTACAGAAGAAGCATTTTTTGTGACGGTATGTGCAGAAGAAGCGCCGGCTAACTACGTGCCAGCAGCCGCGGTAATACGTAGGGCGCGAGCGTTGTCCGGAATTATTGGGCGTAAAGAGCTCGTAGGCGGTTTGTTGCGCCTGCTGTGAAAGACCGGGGCTTAACTTCGGGGTTGCAGTGGGTACGGGCAGACTAGAGTGTGGTAGGGGTAATTGGAATTCCTGGTGTAGCGGTGGAATGCGCAGATATCAGGAGGAACACCGATGGCGAAGGCAGGTTACTGGGCCACCACTGACGCTGAGGAGCGAAAGCGTGGGTAGCGAACA;0;0;0;0;0;0;0;0;0;0;0;0;0;0;0;0;0;0;0;0;0;0;0;0;0;0;0;0;0;0;0;0;0;0;2;0
Hymenobacteraceae__Hymenobacter__TAGGGAATATTGGGCAATGGACGAGAGTCTGACCCAGCCATGCCGCGTGCCGGATGAAGGCCTTCTGGGTTGTAAACGGCTTTTCTCAGGGAAGAAAAAGACCATGCGTGGTACACTGACGGTACCTGAGGAATAAGCACCGGCTAACTCCGTGCCAGCAGCCGCGGTAATACGGAGGGTGCAAGCGTTGTCCGGATTTATTGGGTTTAAAGGGTGCGTAGGCGGCTTGTTAAGTCCGGGGTGAAAGCCCACAGCTCAACTGTGGAACTGCCCTGGATACTGGCAAGCTTGAGTCCAGACGAGGTTGGCGGAATGGAAGGTGTAGCGGTGAAATGCATAGATACCTTCCAGAACCCCGATTGCGTAGGCAGCTGACTAGGCTGGTACTGACGCTGAGGCACGAAAGCGTGGGGAGCGAACA;0;0;0;0;0;0;0;0;0;0;0;0;0;0;0;0;0;0;0;0;0;0;0;0;0;0;0;0;0;0;0;0;0;0;2;0
Sphingomonadaceae__Novosphingobium__TGGGGAATATTGGACAATGGGCGAAAGCCTGATCCAGCAATGCCGCGTGAGTGATGAAGGCCTTAGGGTTGTAAAGCTCTTTTACCAGGGATGATAATGACAGTACCTGGAGAATAAGCTCCGGCTAACTCCGTGCCAGCAGCCGCGGTAATACGGAGGGAGCTAGCGTTGTTCGGAATTACTGGGCGTAAAGCGCGCGTAGGCGGTTACTCAAGTCAGAGGTGAAAGCCCGGGGCTCAACCCCGGAACTGCCTTTGAAACTAGGTAACTAGAATCTTGGAGAGGTCAGTGGAATTCCGAGTGTAGAGGTGAAATTCGTAGATATTCGGAAGAACACCAGTGGCGAAGGCGACTGACTGGACAAGTATTGACGCTGAGGTGCGAAAGCGTGGGGAGCAAACA;0;0;0;0;0;0;0;0;0;0;0;0;0;0;0;0;0;0;0;0;0;0;0;0;0;0;0;0;0;0;0;0;0;0;0;2
Xanthomonadaceae__Pseudoxanthomonas__GGGGAATATTGGACAATGGGCGCAAGCCTGATCCAGCCATACCGCGTGGGTGAAGAAGGCCTTCGGGTTGTAAAGCCCTTTTGTTGGGAAAGAAATCCTATCGATTAATACTCGGTGGGGATGACGGTACCCAAAGAATAAGCACCGGCTAACTTCGTGCCAGCAGCCGCGGTAATACGAAGGGTGCAAGCGTTACTCGGAATTACTGGGCGTAAAGCGTGCGTAGGTGGTGGTTTAAGTCTGCTGTGAAAGCCCTGGGCTCAACCTGGGAATTGCAGTGGATACTGGATCACTAGAGTGTGGTAGAGGGATGCGGAATTTCTGGTGTAGCAGTGAAATGCGTAGAGATCAGAAGGAACATCCGTGGCGAAGGCGGCATCCTGGGCCAACACTGACACTGAGGCACGAAAGCGTGGGGAGCAAAC;0;0;0;0;0;0;0;0;0;0;0;0;0;0;0;0;0;0;0;0;0;0;0;0;0;0;0;0;0;0;0;0;0;0;0;2
;;;;;;;;;;;;;;;;;;;;;;;;;;;;;;;;;;;;
